srx_accession,file_path,obs_count
ERX11662371,gs://arc-institute-virtual-cell-atlas/scbasecount/2026-01-12/h5ad/GeneFull/Homo_sapiens/ERX11662371.h5ad,2840
SRX19233503,gs://arc-institute-virtual-cell-atlas/scbasecount/2026-01-12/h5ad/GeneFull/Homo_sapiens/SRX19233503.h5ad,4404
ERX11662373,gs://arc-institute-virtual-cell-atlas/scbasecount/2026-01-12/h5ad/GeneFull/Homo_sapiens/ERX11662373.h5ad,3124
ERX11662385,gs://arc-institute-virtual-cell-atlas/scbasecount/2026-01-12/h5ad/GeneFull/Homo_sapiens/ERX11662385.h5ad,6929
ERX11662357,gs://arc-institute-virtual-cell-atlas/scbasecount/2026-01-12/h5ad/GeneFull/Homo_sapiens/ERX11662357.h5ad,16332
ERX11662360,gs://arc-institute-virtual-cell-atlas/scbasecount/2026-01-12/h5ad/GeneFull/Homo_sapiens/ERX11662360.h5ad,24878
ERX11662364,gs://arc-institute-virtual-cell-atlas/scbasecount/2026-01-12/h5ad/GeneFull/Homo_sapiens/ERX11662364.h5ad,31892
ERX11662370,gs://arc-institute-virtual-cell-atlas/scbasecount/2026-01-12/h5ad/GeneFull/Homo_sapiens/ERX11662370.h5ad,9181
ERX11662369,gs://arc-institute-virtual-cell-atlas/scbasecount/2026-01-12/h5ad/GeneFull/Homo_sapiens/ERX11662369.h5ad,12566
ERX11662367,gs://arc-institute-virtual-cell-atlas/scbasecount/2026-01-12/h5ad/GeneFull/Homo_sapiens/ERX11662367.h5ad,25538
ERX11662377,gs://arc-institute-virtual-cell-atlas/scbasecount/2026-01-12/h5ad/GeneFull/Homo_sapiens/ERX11662377.h5ad,28944
ERX11662378,gs://arc-institute-virtual-cell-atlas/scbasecount/2026-01-12/h5ad/GeneFull/Homo_sapiens/ERX11662378.h5ad,29473
ERX8831394,gs://arc-institute-virtual-cell-atlas/scbasecount/2026-01-12/h5ad/GeneFull/Homo_sapiens/ERX8831394.h5ad,4254
ERX8831397,gs://arc-institute-virtual-cell-atlas/scbasecount/2026-01-12/h5ad/GeneFull/Homo_sapiens/ERX8831397.h5ad,12548
SRX20098024,gs://arc-institute-virtual-cell-atlas/scbasecount/2026-01-12/h5ad/GeneFull/Homo_sapiens/SRX20098024.h5ad,5395
SRX22613097,gs://arc-institute-virtual-cell-atlas/scbasecount/2026-01-12/h5ad/GeneFull/Homo_sapiens/SRX22613097.h5ad,3332
SRX19233504,gs://arc-institute-virtual-cell-atlas/scbasecount/2026-01-12/h5ad/GeneFull/Homo_sapiens/SRX19233504.h5ad,4652
ERX11662376,gs://arc-institute-virtual-cell-atlas/scbasecount/2026-01-12/h5ad/GeneFull/Homo_sapiens/ERX11662376.h5ad,21550
ERX11662375,gs://arc-institute-virtual-cell-atlas/scbasecount/2026-01-12/h5ad/GeneFull/Homo_sapiens/ERX11662375.h5ad,4710
ERX11662381,gs://arc-institute-virtual-cell-atlas/scbasecount/2026-01-12/h5ad/GeneFull/Homo_sapiens/ERX11662381.h5ad,11700
ERX11662384,gs://arc-institute-virtual-cell-atlas/scbasecount/2026-01-12/h5ad/GeneFull/Homo_sapiens/ERX11662384.h5ad,2832
ERX11662361,gs://arc-institute-virtual-cell-atlas/scbasecount/2026-01-12/h5ad/GeneFull/Homo_sapiens/ERX11662361.h5ad,5423
SRX22613099,gs://arc-institute-virtual-cell-atlas/scbasecount/2026-01-12/h5ad/GeneFull/Homo_sapiens/SRX22613099.h5ad,2643
SRX22613094,gs://arc-institute-virtual-cell-atlas/scbasecount/2026-01-12/h5ad/GeneFull/Homo_sapiens/SRX22613094.h5ad,2442
SRX22613095,gs://arc-institute-virtual-cell-atlas/scbasecount/2026-01-12/h5ad/GeneFull/Homo_sapiens/SRX22613095.h5ad,3222
ERX11662382,gs://arc-institute-virtual-cell-atlas/scbasecount/2026-01-12/h5ad/GeneFull/Homo_sapiens/ERX11662382.h5ad,1651
ERX11662366,gs://arc-institute-virtual-cell-atlas/scbasecount/2026-01-12/h5ad/GeneFull/Homo_sapiens/ERX11662366.h5ad,21377
ERX11662359,gs://arc-institute-virtual-cell-atlas/scbasecount/2026-01-12/h5ad/GeneFull/Homo_sapiens/ERX11662359.h5ad,31955
SRX22613098,gs://arc-institute-virtual-cell-atlas/scbasecount/2026-01-12/h5ad/GeneFull/Homo_sapiens/SRX22613098.h5ad,3086
ERX11662338,gs://arc-institute-virtual-cell-atlas/scbasecount/2026-01-12/h5ad/GeneFull/Homo_sapiens/ERX11662338.h5ad,15099
ERX8831396,gs://arc-institute-virtual-cell-atlas/scbasecount/2026-01-12/h5ad/GeneFull/Homo_sapiens/ERX8831396.h5ad,5408
SRX19192164,gs://arc-institute-virtual-cell-atlas/scbasecount/2026-01-12/h5ad/GeneFull/Homo_sapiens/SRX19192164.h5ad,12689
SRX10327362,gs://arc-institute-virtual-cell-atlas/scbasecount/2026-01-12/h5ad/GeneFull/Homo_sapiens/SRX10327362.h5ad,5676
SRX26771412,gs://arc-institute-virtual-cell-atlas/scbasecount/2026-01-12/h5ad/GeneFull/Homo_sapiens/SRX26771412.h5ad,11988
ERX11876750,gs://arc-institute-virtual-cell-atlas/scbasecount/2026-01-12/h5ad/GeneFull/Homo_sapiens/ERX11876750.h5ad,7170
ERX11876760,gs://arc-institute-virtual-cell-atlas/scbasecount/2026-01-12/h5ad/GeneFull/Homo_sapiens/ERX11876760.h5ad,4235
ERX11876763,gs://arc-institute-virtual-cell-atlas/scbasecount/2026-01-12/h5ad/GeneFull/Homo_sapiens/ERX11876763.h5ad,2470
ERX11876767,gs://arc-institute-virtual-cell-atlas/scbasecount/2026-01-12/h5ad/GeneFull/Homo_sapiens/ERX11876767.h5ad,1408
SRX18248070,gs://arc-institute-virtual-cell-atlas/scbasecount/2026-01-12/h5ad/GeneFull/Homo_sapiens/SRX18248070.h5ad,11788
ERX11876755,gs://arc-institute-virtual-cell-atlas/scbasecount/2026-01-12/h5ad/GeneFull/Homo_sapiens/ERX11876755.h5ad,6021
ERX11876754,gs://arc-institute-virtual-cell-atlas/scbasecount/2026-01-12/h5ad/GeneFull/Homo_sapiens/ERX11876754.h5ad,6834
ERX11876753,gs://arc-institute-virtual-cell-atlas/scbasecount/2026-01-12/h5ad/GeneFull/Homo_sapiens/ERX11876753.h5ad,3736
ERX11876769,gs://arc-institute-virtual-cell-atlas/scbasecount/2026-01-12/h5ad/GeneFull/Homo_sapiens/ERX11876769.h5ad,8074
ERX11876768,gs://arc-institute-virtual-cell-atlas/scbasecount/2026-01-12/h5ad/GeneFull/Homo_sapiens/ERX11876768.h5ad,3729
ERX11876758,gs://arc-institute-virtual-cell-atlas/scbasecount/2026-01-12/h5ad/GeneFull/Homo_sapiens/ERX11876758.h5ad,6726
ERX11876751,gs://arc-institute-virtual-cell-atlas/scbasecount/2026-01-12/h5ad/GeneFull/Homo_sapiens/ERX11876751.h5ad,5063
ERX11876765,gs://arc-institute-virtual-cell-atlas/scbasecount/2026-01-12/h5ad/GeneFull/Homo_sapiens/ERX11876765.h5ad,1936
SRX26487574,gs://arc-institute-virtual-cell-atlas/scbasecount/2026-01-12/h5ad/GeneFull/Homo_sapiens/SRX26487574.h5ad,8634
ERX11876770,gs://arc-institute-virtual-cell-atlas/scbasecount/2026-01-12/h5ad/GeneFull/Homo_sapiens/ERX11876770.h5ad,3007
SRX22996343,gs://arc-institute-virtual-cell-atlas/scbasecount/2026-01-12/h5ad/GeneFull/Homo_sapiens/SRX22996343.h5ad,3917
SRX20407496,gs://arc-institute-virtual-cell-atlas/scbasecount/2026-01-12/h5ad/GeneFull/Homo_sapiens/SRX20407496.h5ad,9242
ERX11876748,gs://arc-institute-virtual-cell-atlas/scbasecount/2026-01-12/h5ad/GeneFull/Homo_sapiens/ERX11876748.h5ad,7420
SRX22996385,gs://arc-institute-virtual-cell-atlas/scbasecount/2026-01-12/h5ad/GeneFull/Homo_sapiens/SRX22996385.h5ad,5195
SRX24313469,gs://arc-institute-virtual-cell-atlas/scbasecount/2026-01-12/h5ad/GeneFull/Homo_sapiens/SRX24313469.h5ad,7656
SRX22996351,gs://arc-institute-virtual-cell-atlas/scbasecount/2026-01-12/h5ad/GeneFull/Homo_sapiens/SRX22996351.h5ad,4186
SRX22996310,gs://arc-institute-virtual-cell-atlas/scbasecount/2026-01-12/h5ad/GeneFull/Homo_sapiens/SRX22996310.h5ad,3136
SRX25038166,gs://arc-institute-virtual-cell-atlas/scbasecount/2026-01-12/h5ad/GeneFull/Homo_sapiens/SRX25038166.h5ad,5058
SRX27313889,gs://arc-institute-virtual-cell-atlas/scbasecount/2026-01-12/h5ad/GeneFull/Homo_sapiens/SRX27313889.h5ad,10858
SRX22996360,gs://arc-institute-virtual-cell-atlas/scbasecount/2026-01-12/h5ad/GeneFull/Homo_sapiens/SRX22996360.h5ad,3374
SRX26487567,gs://arc-institute-virtual-cell-atlas/scbasecount/2026-01-12/h5ad/GeneFull/Homo_sapiens/SRX26487567.h5ad,8334
SRX26487572,gs://arc-institute-virtual-cell-atlas/scbasecount/2026-01-12/h5ad/GeneFull/Homo_sapiens/SRX26487572.h5ad,10960
SRX22996331,gs://arc-institute-virtual-cell-atlas/scbasecount/2026-01-12/h5ad/GeneFull/Homo_sapiens/SRX22996331.h5ad,3080
SRX22996320,gs://arc-institute-virtual-cell-atlas/scbasecount/2026-01-12/h5ad/GeneFull/Homo_sapiens/SRX22996320.h5ad,3420
SRX22996346,gs://arc-institute-virtual-cell-atlas/scbasecount/2026-01-12/h5ad/GeneFull/Homo_sapiens/SRX22996346.h5ad,3182
SRX22996348,gs://arc-institute-virtual-cell-atlas/scbasecount/2026-01-12/h5ad/GeneFull/Homo_sapiens/SRX22996348.h5ad,2962
SRX22996356,gs://arc-institute-virtual-cell-atlas/scbasecount/2026-01-12/h5ad/GeneFull/Homo_sapiens/SRX22996356.h5ad,5432
SRX22996378,gs://arc-institute-virtual-cell-atlas/scbasecount/2026-01-12/h5ad/GeneFull/Homo_sapiens/SRX22996378.h5ad,3413
SRX22996323,gs://arc-institute-virtual-cell-atlas/scbasecount/2026-01-12/h5ad/GeneFull/Homo_sapiens/SRX22996323.h5ad,3245
SRX22996333,gs://arc-institute-virtual-cell-atlas/scbasecount/2026-01-12/h5ad/GeneFull/Homo_sapiens/SRX22996333.h5ad,3267
SRX22996328,gs://arc-institute-virtual-cell-atlas/scbasecount/2026-01-12/h5ad/GeneFull/Homo_sapiens/SRX22996328.h5ad,3922
SRX22996369,gs://arc-institute-virtual-cell-atlas/scbasecount/2026-01-12/h5ad/GeneFull/Homo_sapiens/SRX22996369.h5ad,6837
SRX22996322,gs://arc-institute-virtual-cell-atlas/scbasecount/2026-01-12/h5ad/GeneFull/Homo_sapiens/SRX22996322.h5ad,2637
SRX24732577,gs://arc-institute-virtual-cell-atlas/scbasecount/2026-01-12/h5ad/GeneFull/Homo_sapiens/SRX24732577.h5ad,2635
SRX10425169,gs://arc-institute-virtual-cell-atlas/scbasecount/2026-01-12/h5ad/GeneFull/Homo_sapiens/SRX10425169.h5ad,5692
SRX22996392,gs://arc-institute-virtual-cell-atlas/scbasecount/2026-01-12/h5ad/GeneFull/Homo_sapiens/SRX22996392.h5ad,7628
SRX22146401,gs://arc-institute-virtual-cell-atlas/scbasecount/2026-01-12/h5ad/GeneFull/Homo_sapiens/SRX22146401.h5ad,9282
SRX21460119,gs://arc-institute-virtual-cell-atlas/scbasecount/2026-01-12/h5ad/GeneFull/Homo_sapiens/SRX21460119.h5ad,12557
SRX20221194,gs://arc-institute-virtual-cell-atlas/scbasecount/2026-01-12/h5ad/GeneFull/Homo_sapiens/SRX20221194.h5ad,6030
SRX21460097,gs://arc-institute-virtual-cell-atlas/scbasecount/2026-01-12/h5ad/GeneFull/Homo_sapiens/SRX21460097.h5ad,10796
SRX22996382,gs://arc-institute-virtual-cell-atlas/scbasecount/2026-01-12/h5ad/GeneFull/Homo_sapiens/SRX22996382.h5ad,4259
SRX22159982,gs://arc-institute-virtual-cell-atlas/scbasecount/2026-01-12/h5ad/GeneFull/Homo_sapiens/SRX22159982.h5ad,3629
SRX22996352,gs://arc-institute-virtual-cell-atlas/scbasecount/2026-01-12/h5ad/GeneFull/Homo_sapiens/SRX22996352.h5ad,3377
SRX22996373,gs://arc-institute-virtual-cell-atlas/scbasecount/2026-01-12/h5ad/GeneFull/Homo_sapiens/SRX22996373.h5ad,2693
SRX19844830,gs://arc-institute-virtual-cell-atlas/scbasecount/2026-01-12/h5ad/GeneFull/Homo_sapiens/SRX19844830.h5ad,2425
SRX17689201,gs://arc-institute-virtual-cell-atlas/scbasecount/2026-01-12/h5ad/GeneFull/Homo_sapiens/SRX17689201.h5ad,4478
SRX22996309,gs://arc-institute-virtual-cell-atlas/scbasecount/2026-01-12/h5ad/GeneFull/Homo_sapiens/SRX22996309.h5ad,3010
SRX22996384,gs://arc-institute-virtual-cell-atlas/scbasecount/2026-01-12/h5ad/GeneFull/Homo_sapiens/SRX22996384.h5ad,5346
SRX19727430,gs://arc-institute-virtual-cell-atlas/scbasecount/2026-01-12/h5ad/GeneFull/Homo_sapiens/SRX19727430.h5ad,4898
ERX11876757,gs://arc-institute-virtual-cell-atlas/scbasecount/2026-01-12/h5ad/GeneFull/Homo_sapiens/ERX11876757.h5ad,6344
SRX19886043,gs://arc-institute-virtual-cell-atlas/scbasecount/2026-01-12/h5ad/GeneFull/Homo_sapiens/SRX19886043.h5ad,1683
SRX19844849,gs://arc-institute-virtual-cell-atlas/scbasecount/2026-01-12/h5ad/GeneFull/Homo_sapiens/SRX19844849.h5ad,1433
SRX18248067,gs://arc-institute-virtual-cell-atlas/scbasecount/2026-01-12/h5ad/GeneFull/Homo_sapiens/SRX18248067.h5ad,3806
SRX19886032,gs://arc-institute-virtual-cell-atlas/scbasecount/2026-01-12/h5ad/GeneFull/Homo_sapiens/SRX19886032.h5ad,3309
SRX19704124,gs://arc-institute-virtual-cell-atlas/scbasecount/2026-01-12/h5ad/GeneFull/Homo_sapiens/SRX19704124.h5ad,3380
SRX23231247,gs://arc-institute-virtual-cell-atlas/scbasecount/2026-01-12/h5ad/GeneFull/Homo_sapiens/SRX23231247.h5ad,8145
SRX19886028,gs://arc-institute-virtual-cell-atlas/scbasecount/2026-01-12/h5ad/GeneFull/Homo_sapiens/SRX19886028.h5ad,2610
SRX22996312,gs://arc-institute-virtual-cell-atlas/scbasecount/2026-01-12/h5ad/GeneFull/Homo_sapiens/SRX22996312.h5ad,2950
SRX22996341,gs://arc-institute-virtual-cell-atlas/scbasecount/2026-01-12/h5ad/GeneFull/Homo_sapiens/SRX22996341.h5ad,2366
SRX22996316,gs://arc-institute-virtual-cell-atlas/scbasecount/2026-01-12/h5ad/GeneFull/Homo_sapiens/SRX22996316.h5ad,5798
SRX25319036,gs://arc-institute-virtual-cell-atlas/scbasecount/2026-01-12/h5ad/GeneFull/Homo_sapiens/SRX25319036.h5ad,10731
SRX19844834,gs://arc-institute-virtual-cell-atlas/scbasecount/2026-01-12/h5ad/GeneFull/Homo_sapiens/SRX19844834.h5ad,4084
SRX25038163,gs://arc-institute-virtual-cell-atlas/scbasecount/2026-01-12/h5ad/GeneFull/Homo_sapiens/SRX25038163.h5ad,5676
SRX19844831,gs://arc-institute-virtual-cell-atlas/scbasecount/2026-01-12/h5ad/GeneFull/Homo_sapiens/SRX19844831.h5ad,3677
SRX19704161,gs://arc-institute-virtual-cell-atlas/scbasecount/2026-01-12/h5ad/GeneFull/Homo_sapiens/SRX19704161.h5ad,9348
SRX22996388,gs://arc-institute-virtual-cell-atlas/scbasecount/2026-01-12/h5ad/GeneFull/Homo_sapiens/SRX22996388.h5ad,2927
SRX17689199,gs://arc-institute-virtual-cell-atlas/scbasecount/2026-01-12/h5ad/GeneFull/Homo_sapiens/SRX17689199.h5ad,2416
SRX19704151,gs://arc-institute-virtual-cell-atlas/scbasecount/2026-01-12/h5ad/GeneFull/Homo_sapiens/SRX19704151.h5ad,4882
SRX22996374,gs://arc-institute-virtual-cell-atlas/scbasecount/2026-01-12/h5ad/GeneFull/Homo_sapiens/SRX22996374.h5ad,4842
SRX19704122,gs://arc-institute-virtual-cell-atlas/scbasecount/2026-01-12/h5ad/GeneFull/Homo_sapiens/SRX19704122.h5ad,5233
SRX22996339,gs://arc-institute-virtual-cell-atlas/scbasecount/2026-01-12/h5ad/GeneFull/Homo_sapiens/SRX22996339.h5ad,2293
SRX19886030,gs://arc-institute-virtual-cell-atlas/scbasecount/2026-01-12/h5ad/GeneFull/Homo_sapiens/SRX19886030.h5ad,2370
SRX22996383,gs://arc-institute-virtual-cell-atlas/scbasecount/2026-01-12/h5ad/GeneFull/Homo_sapiens/SRX22996383.h5ad,5493
SRX22996334,gs://arc-institute-virtual-cell-atlas/scbasecount/2026-01-12/h5ad/GeneFull/Homo_sapiens/SRX22996334.h5ad,6606
SRX19704126,gs://arc-institute-virtual-cell-atlas/scbasecount/2026-01-12/h5ad/GeneFull/Homo_sapiens/SRX19704126.h5ad,3666
ERX11876764,gs://arc-institute-virtual-cell-atlas/scbasecount/2026-01-12/h5ad/GeneFull/Homo_sapiens/ERX11876764.h5ad,3200
SRX19704198,gs://arc-institute-virtual-cell-atlas/scbasecount/2026-01-12/h5ad/GeneFull/Homo_sapiens/SRX19704198.h5ad,11327
SRX17689198,gs://arc-institute-virtual-cell-atlas/scbasecount/2026-01-12/h5ad/GeneFull/Homo_sapiens/SRX17689198.h5ad,4060
SRX17689200,gs://arc-institute-virtual-cell-atlas/scbasecount/2026-01-12/h5ad/GeneFull/Homo_sapiens/SRX17689200.h5ad,4340
SRX17689197,gs://arc-institute-virtual-cell-atlas/scbasecount/2026-01-12/h5ad/GeneFull/Homo_sapiens/SRX17689197.h5ad,6173
SRX17689204,gs://arc-institute-virtual-cell-atlas/scbasecount/2026-01-12/h5ad/GeneFull/Homo_sapiens/SRX17689204.h5ad,4457
SRX17689203,gs://arc-institute-virtual-cell-atlas/scbasecount/2026-01-12/h5ad/GeneFull/Homo_sapiens/SRX17689203.h5ad,3755
SRX17689205,gs://arc-institute-virtual-cell-atlas/scbasecount/2026-01-12/h5ad/GeneFull/Homo_sapiens/SRX17689205.h5ad,3603
SRX17689210,gs://arc-institute-virtual-cell-atlas/scbasecount/2026-01-12/h5ad/GeneFull/Homo_sapiens/SRX17689210.h5ad,4612
SRX17664572,gs://arc-institute-virtual-cell-atlas/scbasecount/2026-01-12/h5ad/GeneFull/Homo_sapiens/SRX17664572.h5ad,5086
SRX23619806,gs://arc-institute-virtual-cell-atlas/scbasecount/2026-01-12/h5ad/GeneFull/Homo_sapiens/SRX23619806.h5ad,6738
SRX22834774,gs://arc-institute-virtual-cell-atlas/scbasecount/2026-01-12/h5ad/GeneFull/Homo_sapiens/SRX22834774.h5ad,2252
SRX19727427,gs://arc-institute-virtual-cell-atlas/scbasecount/2026-01-12/h5ad/GeneFull/Homo_sapiens/SRX19727427.h5ad,2183
SRX22226502,gs://arc-institute-virtual-cell-atlas/scbasecount/2026-01-12/h5ad/GeneFull/Homo_sapiens/SRX22226502.h5ad,3900
SRX22996344,gs://arc-institute-virtual-cell-atlas/scbasecount/2026-01-12/h5ad/GeneFull/Homo_sapiens/SRX22996344.h5ad,4404
SRX22996325,gs://arc-institute-virtual-cell-atlas/scbasecount/2026-01-12/h5ad/GeneFull/Homo_sapiens/SRX22996325.h5ad,3357
SRX23619807,gs://arc-institute-virtual-cell-atlas/scbasecount/2026-01-12/h5ad/GeneFull/Homo_sapiens/SRX23619807.h5ad,8097
SRX23619809,gs://arc-institute-virtual-cell-atlas/scbasecount/2026-01-12/h5ad/GeneFull/Homo_sapiens/SRX23619809.h5ad,6847
SRX23838225,gs://arc-institute-virtual-cell-atlas/scbasecount/2026-01-12/h5ad/GeneFull/Homo_sapiens/SRX23838225.h5ad,7059
SRX17896694,gs://arc-institute-virtual-cell-atlas/scbasecount/2026-01-12/h5ad/GeneFull/Homo_sapiens/SRX17896694.h5ad,2444
SRX17689209,gs://arc-institute-virtual-cell-atlas/scbasecount/2026-01-12/h5ad/GeneFull/Homo_sapiens/SRX17689209.h5ad,3460
SRX17896691,gs://arc-institute-virtual-cell-atlas/scbasecount/2026-01-12/h5ad/GeneFull/Homo_sapiens/SRX17896691.h5ad,3164
SRX16217005,gs://arc-institute-virtual-cell-atlas/scbasecount/2026-01-12/h5ad/GeneFull/Homo_sapiens/SRX16217005.h5ad,8128
SRX17941758,gs://arc-institute-virtual-cell-atlas/scbasecount/2026-01-12/h5ad/GeneFull/Homo_sapiens/SRX17941758.h5ad,4715
SRX16217016,gs://arc-institute-virtual-cell-atlas/scbasecount/2026-01-12/h5ad/GeneFull/Homo_sapiens/SRX16217016.h5ad,12855
SRX16217009,gs://arc-institute-virtual-cell-atlas/scbasecount/2026-01-12/h5ad/GeneFull/Homo_sapiens/SRX16217009.h5ad,22322
SRX12868714,gs://arc-institute-virtual-cell-atlas/scbasecount/2026-01-12/h5ad/GeneFull/Homo_sapiens/SRX12868714.h5ad,11325
SRX24073315,gs://arc-institute-virtual-cell-atlas/scbasecount/2026-01-12/h5ad/GeneFull/Homo_sapiens/SRX24073315.h5ad,2250
SRX24073303,gs://arc-institute-virtual-cell-atlas/scbasecount/2026-01-12/h5ad/GeneFull/Homo_sapiens/SRX24073303.h5ad,2658
SRX14891764,gs://arc-institute-virtual-cell-atlas/scbasecount/2026-01-12/h5ad/GeneFull/Homo_sapiens/SRX14891764.h5ad,9558
SRX24073302,gs://arc-institute-virtual-cell-atlas/scbasecount/2026-01-12/h5ad/GeneFull/Homo_sapiens/SRX24073302.h5ad,6609
SRX24073324,gs://arc-institute-virtual-cell-atlas/scbasecount/2026-01-12/h5ad/GeneFull/Homo_sapiens/SRX24073324.h5ad,2560
SRX24073304,gs://arc-institute-virtual-cell-atlas/scbasecount/2026-01-12/h5ad/GeneFull/Homo_sapiens/SRX24073304.h5ad,2899
SRX14891759,gs://arc-institute-virtual-cell-atlas/scbasecount/2026-01-12/h5ad/GeneFull/Homo_sapiens/SRX14891759.h5ad,9595
SRX17150750,gs://arc-institute-virtual-cell-atlas/scbasecount/2026-01-12/h5ad/GeneFull/Homo_sapiens/SRX17150750.h5ad,16161
SRX24073314,gs://arc-institute-virtual-cell-atlas/scbasecount/2026-01-12/h5ad/GeneFull/Homo_sapiens/SRX24073314.h5ad,5134
SRX24073325,gs://arc-institute-virtual-cell-atlas/scbasecount/2026-01-12/h5ad/GeneFull/Homo_sapiens/SRX24073325.h5ad,3702
SRX15263316,gs://arc-institute-virtual-cell-atlas/scbasecount/2026-01-12/h5ad/GeneFull/Homo_sapiens/SRX15263316.h5ad,5356
SRX24073312,gs://arc-institute-virtual-cell-atlas/scbasecount/2026-01-12/h5ad/GeneFull/Homo_sapiens/SRX24073312.h5ad,6420
SRX24073318,gs://arc-institute-virtual-cell-atlas/scbasecount/2026-01-12/h5ad/GeneFull/Homo_sapiens/SRX24073318.h5ad,3380
SRX16217017,gs://arc-institute-virtual-cell-atlas/scbasecount/2026-01-12/h5ad/GeneFull/Homo_sapiens/SRX16217017.h5ad,12450
SRX24073319,gs://arc-institute-virtual-cell-atlas/scbasecount/2026-01-12/h5ad/GeneFull/Homo_sapiens/SRX24073319.h5ad,5023
SRX16217006,gs://arc-institute-virtual-cell-atlas/scbasecount/2026-01-12/h5ad/GeneFull/Homo_sapiens/SRX16217006.h5ad,12622
SRX16217004,gs://arc-institute-virtual-cell-atlas/scbasecount/2026-01-12/h5ad/GeneFull/Homo_sapiens/SRX16217004.h5ad,12292
SRX16217013,gs://arc-institute-virtual-cell-atlas/scbasecount/2026-01-12/h5ad/GeneFull/Homo_sapiens/SRX16217013.h5ad,9927
SRX24073307,gs://arc-institute-virtual-cell-atlas/scbasecount/2026-01-12/h5ad/GeneFull/Homo_sapiens/SRX24073307.h5ad,2556
SRX14891761,gs://arc-institute-virtual-cell-atlas/scbasecount/2026-01-12/h5ad/GeneFull/Homo_sapiens/SRX14891761.h5ad,9514
SRX17150749,gs://arc-institute-virtual-cell-atlas/scbasecount/2026-01-12/h5ad/GeneFull/Homo_sapiens/SRX17150749.h5ad,15150
SRX16217015,gs://arc-institute-virtual-cell-atlas/scbasecount/2026-01-12/h5ad/GeneFull/Homo_sapiens/SRX16217015.h5ad,18221
SRX18248068,gs://arc-institute-virtual-cell-atlas/scbasecount/2026-01-12/h5ad/GeneFull/Homo_sapiens/SRX18248068.h5ad,3349
SRX18248066,gs://arc-institute-virtual-cell-atlas/scbasecount/2026-01-12/h5ad/GeneFull/Homo_sapiens/SRX18248066.h5ad,8791
SRX18248065,gs://arc-institute-virtual-cell-atlas/scbasecount/2026-01-12/h5ad/GeneFull/Homo_sapiens/SRX18248065.h5ad,13440
SRX18248062,gs://arc-institute-virtual-cell-atlas/scbasecount/2026-01-12/h5ad/GeneFull/Homo_sapiens/SRX18248062.h5ad,13330
SRX18248064,gs://arc-institute-virtual-cell-atlas/scbasecount/2026-01-12/h5ad/GeneFull/Homo_sapiens/SRX18248064.h5ad,21137
SRX15263318,gs://arc-institute-virtual-cell-atlas/scbasecount/2026-01-12/h5ad/GeneFull/Homo_sapiens/SRX15263318.h5ad,4150
SRX18248063,gs://arc-institute-virtual-cell-atlas/scbasecount/2026-01-12/h5ad/GeneFull/Homo_sapiens/SRX18248063.h5ad,9507
SRX14891765,gs://arc-institute-virtual-cell-atlas/scbasecount/2026-01-12/h5ad/GeneFull/Homo_sapiens/SRX14891765.h5ad,6620
SRX16217002,gs://arc-institute-virtual-cell-atlas/scbasecount/2026-01-12/h5ad/GeneFull/Homo_sapiens/SRX16217002.h5ad,15289
SRX14891767,gs://arc-institute-virtual-cell-atlas/scbasecount/2026-01-12/h5ad/GeneFull/Homo_sapiens/SRX14891767.h5ad,9404
SRX15263315,gs://arc-institute-virtual-cell-atlas/scbasecount/2026-01-12/h5ad/GeneFull/Homo_sapiens/SRX15263315.h5ad,7700
SRX12868715,gs://arc-institute-virtual-cell-atlas/scbasecount/2026-01-12/h5ad/GeneFull/Homo_sapiens/SRX12868715.h5ad,10277
SRX12868717,gs://arc-institute-virtual-cell-atlas/scbasecount/2026-01-12/h5ad/GeneFull/Homo_sapiens/SRX12868717.h5ad,9922
SRX17035589,gs://arc-institute-virtual-cell-atlas/scbasecount/2026-01-12/h5ad/GeneFull/Homo_sapiens/SRX17035589.h5ad,2430
SRX17137139,gs://arc-institute-virtual-cell-atlas/scbasecount/2026-01-12/h5ad/GeneFull/Homo_sapiens/SRX17137139.h5ad,19000
ERX4409913,gs://arc-institute-virtual-cell-atlas/scbasecount/2026-01-12/h5ad/GeneFull/Homo_sapiens/ERX4409913.h5ad,1625
SRX16217012,gs://arc-institute-virtual-cell-atlas/scbasecount/2026-01-12/h5ad/GeneFull/Homo_sapiens/SRX16217012.h5ad,9344
SRX14891769,gs://arc-institute-virtual-cell-atlas/scbasecount/2026-01-12/h5ad/GeneFull/Homo_sapiens/SRX14891769.h5ad,14050
SRX16217003,gs://arc-institute-virtual-cell-atlas/scbasecount/2026-01-12/h5ad/GeneFull/Homo_sapiens/SRX16217003.h5ad,12722
SRX16217007,gs://arc-institute-virtual-cell-atlas/scbasecount/2026-01-12/h5ad/GeneFull/Homo_sapiens/SRX16217007.h5ad,11318
SRX16217010,gs://arc-institute-virtual-cell-atlas/scbasecount/2026-01-12/h5ad/GeneFull/Homo_sapiens/SRX16217010.h5ad,12599
SRX12868713,gs://arc-institute-virtual-cell-atlas/scbasecount/2026-01-12/h5ad/GeneFull/Homo_sapiens/SRX12868713.h5ad,13603
SRX12868721,gs://arc-institute-virtual-cell-atlas/scbasecount/2026-01-12/h5ad/GeneFull/Homo_sapiens/SRX12868721.h5ad,7109
SRX15263317,gs://arc-institute-virtual-cell-atlas/scbasecount/2026-01-12/h5ad/GeneFull/Homo_sapiens/SRX15263317.h5ad,4433
SRX12868712,gs://arc-institute-virtual-cell-atlas/scbasecount/2026-01-12/h5ad/GeneFull/Homo_sapiens/SRX12868712.h5ad,8614
SRX18965979,gs://arc-institute-virtual-cell-atlas/scbasecount/2026-01-12/h5ad/GeneFull/Homo_sapiens/SRX18965979.h5ad,36710
SRX14891760,gs://arc-institute-virtual-cell-atlas/scbasecount/2026-01-12/h5ad/GeneFull/Homo_sapiens/SRX14891760.h5ad,10579
SRX12868719,gs://arc-institute-virtual-cell-atlas/scbasecount/2026-01-12/h5ad/GeneFull/Homo_sapiens/SRX12868719.h5ad,6665
SRX14891762,gs://arc-institute-virtual-cell-atlas/scbasecount/2026-01-12/h5ad/GeneFull/Homo_sapiens/SRX14891762.h5ad,9714
SRX19215444,gs://arc-institute-virtual-cell-atlas/scbasecount/2026-01-12/h5ad/GeneFull/Homo_sapiens/SRX19215444.h5ad,1259
SRX19264641,gs://arc-institute-virtual-cell-atlas/scbasecount/2026-01-12/h5ad/GeneFull/Homo_sapiens/SRX19264641.h5ad,2691
SRX19704127,gs://arc-institute-virtual-cell-atlas/scbasecount/2026-01-12/h5ad/GeneFull/Homo_sapiens/SRX19704127.h5ad,4457
SRX19704147,gs://arc-institute-virtual-cell-atlas/scbasecount/2026-01-12/h5ad/GeneFull/Homo_sapiens/SRX19704147.h5ad,3969
SRX19704149,gs://arc-institute-virtual-cell-atlas/scbasecount/2026-01-12/h5ad/GeneFull/Homo_sapiens/SRX19704149.h5ad,3330
SRX19704169,gs://arc-institute-virtual-cell-atlas/scbasecount/2026-01-12/h5ad/GeneFull/Homo_sapiens/SRX19704169.h5ad,7333
SRX19704128,gs://arc-institute-virtual-cell-atlas/scbasecount/2026-01-12/h5ad/GeneFull/Homo_sapiens/SRX19704128.h5ad,3150
SRX19704148,gs://arc-institute-virtual-cell-atlas/scbasecount/2026-01-12/h5ad/GeneFull/Homo_sapiens/SRX19704148.h5ad,6904
SRX19704188,gs://arc-institute-virtual-cell-atlas/scbasecount/2026-01-12/h5ad/GeneFull/Homo_sapiens/SRX19704188.h5ad,10103
SRX19704159,gs://arc-institute-virtual-cell-atlas/scbasecount/2026-01-12/h5ad/GeneFull/Homo_sapiens/SRX19704159.h5ad,18023
SRX19704164,gs://arc-institute-virtual-cell-atlas/scbasecount/2026-01-12/h5ad/GeneFull/Homo_sapiens/SRX19704164.h5ad,18072
SRX19704166,gs://arc-institute-virtual-cell-atlas/scbasecount/2026-01-12/h5ad/GeneFull/Homo_sapiens/SRX19704166.h5ad,3323
SRX19730968,gs://arc-institute-virtual-cell-atlas/scbasecount/2026-01-12/h5ad/GeneFull/Homo_sapiens/SRX19730968.h5ad,2591
SRX19704139,gs://arc-institute-virtual-cell-atlas/scbasecount/2026-01-12/h5ad/GeneFull/Homo_sapiens/SRX19704139.h5ad,8979
SRX19704165,gs://arc-institute-virtual-cell-atlas/scbasecount/2026-01-12/h5ad/GeneFull/Homo_sapiens/SRX19704165.h5ad,5385
SRX19704156,gs://arc-institute-virtual-cell-atlas/scbasecount/2026-01-12/h5ad/GeneFull/Homo_sapiens/SRX19704156.h5ad,9866
SRX19704157,gs://arc-institute-virtual-cell-atlas/scbasecount/2026-01-12/h5ad/GeneFull/Homo_sapiens/SRX19704157.h5ad,10491
SRX19704170,gs://arc-institute-virtual-cell-atlas/scbasecount/2026-01-12/h5ad/GeneFull/Homo_sapiens/SRX19704170.h5ad,9252
SRX19730933,gs://arc-institute-virtual-cell-atlas/scbasecount/2026-01-12/h5ad/GeneFull/Homo_sapiens/SRX19730933.h5ad,2017
SRX19704142,gs://arc-institute-virtual-cell-atlas/scbasecount/2026-01-12/h5ad/GeneFull/Homo_sapiens/SRX19704142.h5ad,12249
SRX19704160,gs://arc-institute-virtual-cell-atlas/scbasecount/2026-01-12/h5ad/GeneFull/Homo_sapiens/SRX19704160.h5ad,5899
SRX19704197,gs://arc-institute-virtual-cell-atlas/scbasecount/2026-01-12/h5ad/GeneFull/Homo_sapiens/SRX19704197.h5ad,3920
SRX19704162,gs://arc-institute-virtual-cell-atlas/scbasecount/2026-01-12/h5ad/GeneFull/Homo_sapiens/SRX19704162.h5ad,9016
SRX19727425,gs://arc-institute-virtual-cell-atlas/scbasecount/2026-01-12/h5ad/GeneFull/Homo_sapiens/SRX19727425.h5ad,5997
SRX19727434,gs://arc-institute-virtual-cell-atlas/scbasecount/2026-01-12/h5ad/GeneFull/Homo_sapiens/SRX19727434.h5ad,2172
SRX19727429,gs://arc-institute-virtual-cell-atlas/scbasecount/2026-01-12/h5ad/GeneFull/Homo_sapiens/SRX19727429.h5ad,4757
SRX19727435,gs://arc-institute-virtual-cell-atlas/scbasecount/2026-01-12/h5ad/GeneFull/Homo_sapiens/SRX19727435.h5ad,1465
SRX19730934,gs://arc-institute-virtual-cell-atlas/scbasecount/2026-01-12/h5ad/GeneFull/Homo_sapiens/SRX19730934.h5ad,5555
SRX19704196,gs://arc-institute-virtual-cell-atlas/scbasecount/2026-01-12/h5ad/GeneFull/Homo_sapiens/SRX19704196.h5ad,7615
SRX19704179,gs://arc-institute-virtual-cell-atlas/scbasecount/2026-01-12/h5ad/GeneFull/Homo_sapiens/SRX19704179.h5ad,9277
SRX19727431,gs://arc-institute-virtual-cell-atlas/scbasecount/2026-01-12/h5ad/GeneFull/Homo_sapiens/SRX19727431.h5ad,2180
SRX19704180,gs://arc-institute-virtual-cell-atlas/scbasecount/2026-01-12/h5ad/GeneFull/Homo_sapiens/SRX19704180.h5ad,14953
SRX19727428,gs://arc-institute-virtual-cell-atlas/scbasecount/2026-01-12/h5ad/GeneFull/Homo_sapiens/SRX19727428.h5ad,3200
SRX19704171,gs://arc-institute-virtual-cell-atlas/scbasecount/2026-01-12/h5ad/GeneFull/Homo_sapiens/SRX19704171.h5ad,8094
SRX19704186,gs://arc-institute-virtual-cell-atlas/scbasecount/2026-01-12/h5ad/GeneFull/Homo_sapiens/SRX19704186.h5ad,11814
SRX19704181,gs://arc-institute-virtual-cell-atlas/scbasecount/2026-01-12/h5ad/GeneFull/Homo_sapiens/SRX19704181.h5ad,16610
SRX19844846,gs://arc-institute-virtual-cell-atlas/scbasecount/2026-01-12/h5ad/GeneFull/Homo_sapiens/SRX19844846.h5ad,1399
SRX19844825,gs://arc-institute-virtual-cell-atlas/scbasecount/2026-01-12/h5ad/GeneFull/Homo_sapiens/SRX19844825.h5ad,1676
SRX19844838,gs://arc-institute-virtual-cell-atlas/scbasecount/2026-01-12/h5ad/GeneFull/Homo_sapiens/SRX19844838.h5ad,3895
SRX19844819,gs://arc-institute-virtual-cell-atlas/scbasecount/2026-01-12/h5ad/GeneFull/Homo_sapiens/SRX19844819.h5ad,4396
SRX19844818,gs://arc-institute-virtual-cell-atlas/scbasecount/2026-01-12/h5ad/GeneFull/Homo_sapiens/SRX19844818.h5ad,4339
SRX19844821,gs://arc-institute-virtual-cell-atlas/scbasecount/2026-01-12/h5ad/GeneFull/Homo_sapiens/SRX19844821.h5ad,11996
SRX19844832,gs://arc-institute-virtual-cell-atlas/scbasecount/2026-01-12/h5ad/GeneFull/Homo_sapiens/SRX19844832.h5ad,6385
SRX14891756,gs://arc-institute-virtual-cell-atlas/scbasecount/2026-01-12/h5ad/GeneFull/Homo_sapiens/SRX14891756.h5ad,9426
SRX19836244,gs://arc-institute-virtual-cell-atlas/scbasecount/2026-01-12/h5ad/GeneFull/Homo_sapiens/SRX19836244.h5ad,18046
SRX19844837,gs://arc-institute-virtual-cell-atlas/scbasecount/2026-01-12/h5ad/GeneFull/Homo_sapiens/SRX19844837.h5ad,6673
SRX19844835,gs://arc-institute-virtual-cell-atlas/scbasecount/2026-01-12/h5ad/GeneFull/Homo_sapiens/SRX19844835.h5ad,2157
SRX19844836,gs://arc-institute-virtual-cell-atlas/scbasecount/2026-01-12/h5ad/GeneFull/Homo_sapiens/SRX19844836.h5ad,4278
SRX19844823,gs://arc-institute-virtual-cell-atlas/scbasecount/2026-01-12/h5ad/GeneFull/Homo_sapiens/SRX19844823.h5ad,8501
SRX19844822,gs://arc-institute-virtual-cell-atlas/scbasecount/2026-01-12/h5ad/GeneFull/Homo_sapiens/SRX19844822.h5ad,7698
SRX19886046,gs://arc-institute-virtual-cell-atlas/scbasecount/2026-01-12/h5ad/GeneFull/Homo_sapiens/SRX19886046.h5ad,1185
SRX19886045,gs://arc-institute-virtual-cell-atlas/scbasecount/2026-01-12/h5ad/GeneFull/Homo_sapiens/SRX19886045.h5ad,8212
SRX19886027,gs://arc-institute-virtual-cell-atlas/scbasecount/2026-01-12/h5ad/GeneFull/Homo_sapiens/SRX19886027.h5ad,2308
SRX19844848,gs://arc-institute-virtual-cell-atlas/scbasecount/2026-01-12/h5ad/GeneFull/Homo_sapiens/SRX19844848.h5ad,1209
SRX19844828,gs://arc-institute-virtual-cell-atlas/scbasecount/2026-01-12/h5ad/GeneFull/Homo_sapiens/SRX19844828.h5ad,12358
SRX19886023,gs://arc-institute-virtual-cell-atlas/scbasecount/2026-01-12/h5ad/GeneFull/Homo_sapiens/SRX19886023.h5ad,7207
SRX19886022,gs://arc-institute-virtual-cell-atlas/scbasecount/2026-01-12/h5ad/GeneFull/Homo_sapiens/SRX19886022.h5ad,7335
SRX19886031,gs://arc-institute-virtual-cell-atlas/scbasecount/2026-01-12/h5ad/GeneFull/Homo_sapiens/SRX19886031.h5ad,2297
SRX19886040,gs://arc-institute-virtual-cell-atlas/scbasecount/2026-01-12/h5ad/GeneFull/Homo_sapiens/SRX19886040.h5ad,3982
SRX19886029,gs://arc-institute-virtual-cell-atlas/scbasecount/2026-01-12/h5ad/GeneFull/Homo_sapiens/SRX19886029.h5ad,3206
SRX19886042,gs://arc-institute-virtual-cell-atlas/scbasecount/2026-01-12/h5ad/GeneFull/Homo_sapiens/SRX19886042.h5ad,4648
SRX19886039,gs://arc-institute-virtual-cell-atlas/scbasecount/2026-01-12/h5ad/GeneFull/Homo_sapiens/SRX19886039.h5ad,5008
SRX19886037,gs://arc-institute-virtual-cell-atlas/scbasecount/2026-01-12/h5ad/GeneFull/Homo_sapiens/SRX19886037.h5ad,4816
SRX19886035,gs://arc-institute-virtual-cell-atlas/scbasecount/2026-01-12/h5ad/GeneFull/Homo_sapiens/SRX19886035.h5ad,6300
SRX19886050,gs://arc-institute-virtual-cell-atlas/scbasecount/2026-01-12/h5ad/GeneFull/Homo_sapiens/SRX19886050.h5ad,3754
SRX19886034,gs://arc-institute-virtual-cell-atlas/scbasecount/2026-01-12/h5ad/GeneFull/Homo_sapiens/SRX19886034.h5ad,6315
SRX19844824,gs://arc-institute-virtual-cell-atlas/scbasecount/2026-01-12/h5ad/GeneFull/Homo_sapiens/SRX19844824.h5ad,2369
SRX19886049,gs://arc-institute-virtual-cell-atlas/scbasecount/2026-01-12/h5ad/GeneFull/Homo_sapiens/SRX19886049.h5ad,1425
SRX19704152,gs://arc-institute-virtual-cell-atlas/scbasecount/2026-01-12/h5ad/GeneFull/Homo_sapiens/SRX19704152.h5ad,7178
SRX20407494,gs://arc-institute-virtual-cell-atlas/scbasecount/2026-01-12/h5ad/GeneFull/Homo_sapiens/SRX20407494.h5ad,13893
SRX20407493,gs://arc-institute-virtual-cell-atlas/scbasecount/2026-01-12/h5ad/GeneFull/Homo_sapiens/SRX20407493.h5ad,11296
SRX20407497,gs://arc-institute-virtual-cell-atlas/scbasecount/2026-01-12/h5ad/GeneFull/Homo_sapiens/SRX20407497.h5ad,15409
SRX20407499,gs://arc-institute-virtual-cell-atlas/scbasecount/2026-01-12/h5ad/GeneFull/Homo_sapiens/SRX20407499.h5ad,11039
SRX19704193,gs://arc-institute-virtual-cell-atlas/scbasecount/2026-01-12/h5ad/GeneFull/Homo_sapiens/SRX19704193.h5ad,7952
SRX19727433,gs://arc-institute-virtual-cell-atlas/scbasecount/2026-01-12/h5ad/GeneFull/Homo_sapiens/SRX19727433.h5ad,5009
SRX19727432,gs://arc-institute-virtual-cell-atlas/scbasecount/2026-01-12/h5ad/GeneFull/Homo_sapiens/SRX19727432.h5ad,3078
SRX19727426,gs://arc-institute-virtual-cell-atlas/scbasecount/2026-01-12/h5ad/GeneFull/Homo_sapiens/SRX19727426.h5ad,1865
SRX19704145,gs://arc-institute-virtual-cell-atlas/scbasecount/2026-01-12/h5ad/GeneFull/Homo_sapiens/SRX19704145.h5ad,29773
SRX19704143,gs://arc-institute-virtual-cell-atlas/scbasecount/2026-01-12/h5ad/GeneFull/Homo_sapiens/SRX19704143.h5ad,14086
SRX19704194,gs://arc-institute-virtual-cell-atlas/scbasecount/2026-01-12/h5ad/GeneFull/Homo_sapiens/SRX19704194.h5ad,9500
SRX19704144,gs://arc-institute-virtual-cell-atlas/scbasecount/2026-01-12/h5ad/GeneFull/Homo_sapiens/SRX19704144.h5ad,16165
SRX20970826,gs://arc-institute-virtual-cell-atlas/scbasecount/2026-01-12/h5ad/GeneFull/Homo_sapiens/SRX20970826.h5ad,7832
SRX20612052,gs://arc-institute-virtual-cell-atlas/scbasecount/2026-01-12/h5ad/GeneFull/Homo_sapiens/SRX20612052.h5ad,6369
SRX21808827,gs://arc-institute-virtual-cell-atlas/scbasecount/2026-01-12/h5ad/GeneFull/Homo_sapiens/SRX21808827.h5ad,9186
SRX24275202,gs://arc-institute-virtual-cell-atlas/scbasecount/2026-01-12/h5ad/GeneFull/Homo_sapiens/SRX24275202.h5ad,9976
SRX22130035,gs://arc-institute-virtual-cell-atlas/scbasecount/2026-01-12/h5ad/GeneFull/Homo_sapiens/SRX22130035.h5ad,5196
SRX21897876,gs://arc-institute-virtual-cell-atlas/scbasecount/2026-01-12/h5ad/GeneFull/Homo_sapiens/SRX21897876.h5ad,11531
SRX21808834,gs://arc-institute-virtual-cell-atlas/scbasecount/2026-01-12/h5ad/GeneFull/Homo_sapiens/SRX21808834.h5ad,14876
SRX22478206,gs://arc-institute-virtual-cell-atlas/scbasecount/2026-01-12/h5ad/GeneFull/Homo_sapiens/SRX22478206.h5ad,13251
SRX21203377,gs://arc-institute-virtual-cell-atlas/scbasecount/2026-01-12/h5ad/GeneFull/Homo_sapiens/SRX21203377.h5ad,8613
SRX22836420,gs://arc-institute-virtual-cell-atlas/scbasecount/2026-01-12/h5ad/GeneFull/Homo_sapiens/SRX22836420.h5ad,2968
SRX22226494,gs://arc-institute-virtual-cell-atlas/scbasecount/2026-01-12/h5ad/GeneFull/Homo_sapiens/SRX22226494.h5ad,3264
SRX22226496,gs://arc-institute-virtual-cell-atlas/scbasecount/2026-01-12/h5ad/GeneFull/Homo_sapiens/SRX22226496.h5ad,3044
SRX22226498,gs://arc-institute-virtual-cell-atlas/scbasecount/2026-01-12/h5ad/GeneFull/Homo_sapiens/SRX22226498.h5ad,3308
SRX22226500,gs://arc-institute-virtual-cell-atlas/scbasecount/2026-01-12/h5ad/GeneFull/Homo_sapiens/SRX22226500.h5ad,1989
SRX22226492,gs://arc-institute-virtual-cell-atlas/scbasecount/2026-01-12/h5ad/GeneFull/Homo_sapiens/SRX22226492.h5ad,3967
SRX23331468,gs://arc-institute-virtual-cell-atlas/scbasecount/2026-01-12/h5ad/GeneFull/Homo_sapiens/SRX23331468.h5ad,2862
SRX22996311,gs://arc-institute-virtual-cell-atlas/scbasecount/2026-01-12/h5ad/GeneFull/Homo_sapiens/SRX22996311.h5ad,3444
SRX22996313,gs://arc-institute-virtual-cell-atlas/scbasecount/2026-01-12/h5ad/GeneFull/Homo_sapiens/SRX22996313.h5ad,4611
SRX22996364,gs://arc-institute-virtual-cell-atlas/scbasecount/2026-01-12/h5ad/GeneFull/Homo_sapiens/SRX22996364.h5ad,3728
SRX23331472,gs://arc-institute-virtual-cell-atlas/scbasecount/2026-01-12/h5ad/GeneFull/Homo_sapiens/SRX23331472.h5ad,6494
SRX22996380,gs://arc-institute-virtual-cell-atlas/scbasecount/2026-01-12/h5ad/GeneFull/Homo_sapiens/SRX22996380.h5ad,3807
SRX22996391,gs://arc-institute-virtual-cell-atlas/scbasecount/2026-01-12/h5ad/GeneFull/Homo_sapiens/SRX22996391.h5ad,2761
SRX22996381,gs://arc-institute-virtual-cell-atlas/scbasecount/2026-01-12/h5ad/GeneFull/Homo_sapiens/SRX22996381.h5ad,4113
SRX22996393,gs://arc-institute-virtual-cell-atlas/scbasecount/2026-01-12/h5ad/GeneFull/Homo_sapiens/SRX22996393.h5ad,2498
SRX22996361,gs://arc-institute-virtual-cell-atlas/scbasecount/2026-01-12/h5ad/GeneFull/Homo_sapiens/SRX22996361.h5ad,3339
SRX22996397,gs://arc-institute-virtual-cell-atlas/scbasecount/2026-01-12/h5ad/GeneFull/Homo_sapiens/SRX22996397.h5ad,3943
SRX22996353,gs://arc-institute-virtual-cell-atlas/scbasecount/2026-01-12/h5ad/GeneFull/Homo_sapiens/SRX22996353.h5ad,3904
SRX22996363,gs://arc-institute-virtual-cell-atlas/scbasecount/2026-01-12/h5ad/GeneFull/Homo_sapiens/SRX22996363.h5ad,2857
SRX23395179,gs://arc-institute-virtual-cell-atlas/scbasecount/2026-01-12/h5ad/GeneFull/Homo_sapiens/SRX23395179.h5ad,9393
SRX22996354,gs://arc-institute-virtual-cell-atlas/scbasecount/2026-01-12/h5ad/GeneFull/Homo_sapiens/SRX22996354.h5ad,3907
SRX23331471,gs://arc-institute-virtual-cell-atlas/scbasecount/2026-01-12/h5ad/GeneFull/Homo_sapiens/SRX23331471.h5ad,7637
SRX23395191,gs://arc-institute-virtual-cell-atlas/scbasecount/2026-01-12/h5ad/GeneFull/Homo_sapiens/SRX23395191.h5ad,2178
SRX22996368,gs://arc-institute-virtual-cell-atlas/scbasecount/2026-01-12/h5ad/GeneFull/Homo_sapiens/SRX22996368.h5ad,6764
SRX23395185,gs://arc-institute-virtual-cell-atlas/scbasecount/2026-01-12/h5ad/GeneFull/Homo_sapiens/SRX23395185.h5ad,9161
SRX22996367,gs://arc-institute-virtual-cell-atlas/scbasecount/2026-01-12/h5ad/GeneFull/Homo_sapiens/SRX22996367.h5ad,6776
SRX21256826,gs://arc-institute-virtual-cell-atlas/scbasecount/2026-01-12/h5ad/GeneFull/Homo_sapiens/SRX21256826.h5ad,4339
SRX22996349,gs://arc-institute-virtual-cell-atlas/scbasecount/2026-01-12/h5ad/GeneFull/Homo_sapiens/SRX22996349.h5ad,3185
SRX22996345,gs://arc-institute-virtual-cell-atlas/scbasecount/2026-01-12/h5ad/GeneFull/Homo_sapiens/SRX22996345.h5ad,4314
SRX22996347,gs://arc-institute-virtual-cell-atlas/scbasecount/2026-01-12/h5ad/GeneFull/Homo_sapiens/SRX22996347.h5ad,3090
SRX23395192,gs://arc-institute-virtual-cell-atlas/scbasecount/2026-01-12/h5ad/GeneFull/Homo_sapiens/SRX23395192.h5ad,3034
SRX22996371,gs://arc-institute-virtual-cell-atlas/scbasecount/2026-01-12/h5ad/GeneFull/Homo_sapiens/SRX22996371.h5ad,2708
SRX22996376,gs://arc-institute-virtual-cell-atlas/scbasecount/2026-01-12/h5ad/GeneFull/Homo_sapiens/SRX22996376.h5ad,4692
SRX22996395,gs://arc-institute-virtual-cell-atlas/scbasecount/2026-01-12/h5ad/GeneFull/Homo_sapiens/SRX22996395.h5ad,2214
SRX22996394,gs://arc-institute-virtual-cell-atlas/scbasecount/2026-01-12/h5ad/GeneFull/Homo_sapiens/SRX22996394.h5ad,2584
SRX22996358,gs://arc-institute-virtual-cell-atlas/scbasecount/2026-01-12/h5ad/GeneFull/Homo_sapiens/SRX22996358.h5ad,3335
SRX22996359,gs://arc-institute-virtual-cell-atlas/scbasecount/2026-01-12/h5ad/GeneFull/Homo_sapiens/SRX22996359.h5ad,3212
SRX22996355,gs://arc-institute-virtual-cell-atlas/scbasecount/2026-01-12/h5ad/GeneFull/Homo_sapiens/SRX22996355.h5ad,5828
SRX22996365,gs://arc-institute-virtual-cell-atlas/scbasecount/2026-01-12/h5ad/GeneFull/Homo_sapiens/SRX22996365.h5ad,3552
SRX23331463,gs://arc-institute-virtual-cell-atlas/scbasecount/2026-01-12/h5ad/GeneFull/Homo_sapiens/SRX23331463.h5ad,14073
SRX23395188,gs://arc-institute-virtual-cell-atlas/scbasecount/2026-01-12/h5ad/GeneFull/Homo_sapiens/SRX23395188.h5ad,7747
SRX22996337,gs://arc-institute-virtual-cell-atlas/scbasecount/2026-01-12/h5ad/GeneFull/Homo_sapiens/SRX22996337.h5ad,5637
SRX23395184,gs://arc-institute-virtual-cell-atlas/scbasecount/2026-01-12/h5ad/GeneFull/Homo_sapiens/SRX23395184.h5ad,1734
SRX22996387,gs://arc-institute-virtual-cell-atlas/scbasecount/2026-01-12/h5ad/GeneFull/Homo_sapiens/SRX22996387.h5ad,2968
SRX22996386,gs://arc-institute-virtual-cell-atlas/scbasecount/2026-01-12/h5ad/GeneFull/Homo_sapiens/SRX22996386.h5ad,2880
SRX17412852,gs://arc-institute-virtual-cell-atlas/scbasecount/2026-01-12/h5ad/GeneFull/Homo_sapiens/SRX17412852.h5ad,2227
SRX25038161,gs://arc-institute-virtual-cell-atlas/scbasecount/2026-01-12/h5ad/GeneFull/Homo_sapiens/SRX25038161.h5ad,5061
SRX25038162,gs://arc-institute-virtual-cell-atlas/scbasecount/2026-01-12/h5ad/GeneFull/Homo_sapiens/SRX25038162.h5ad,5239
SRX25038164,gs://arc-institute-virtual-cell-atlas/scbasecount/2026-01-12/h5ad/GeneFull/Homo_sapiens/SRX25038164.h5ad,3905
SRX25038165,gs://arc-institute-virtual-cell-atlas/scbasecount/2026-01-12/h5ad/GeneFull/Homo_sapiens/SRX25038165.h5ad,6500
SRX25038167,gs://arc-institute-virtual-cell-atlas/scbasecount/2026-01-12/h5ad/GeneFull/Homo_sapiens/SRX25038167.h5ad,17292
SRX25038169,gs://arc-institute-virtual-cell-atlas/scbasecount/2026-01-12/h5ad/GeneFull/Homo_sapiens/SRX25038169.h5ad,5479
SRX25038171,gs://arc-institute-virtual-cell-atlas/scbasecount/2026-01-12/h5ad/GeneFull/Homo_sapiens/SRX25038171.h5ad,5965
SRX24841614,gs://arc-institute-virtual-cell-atlas/scbasecount/2026-01-12/h5ad/GeneFull/Homo_sapiens/SRX24841614.h5ad,14702
SRX24841615,gs://arc-institute-virtual-cell-atlas/scbasecount/2026-01-12/h5ad/GeneFull/Homo_sapiens/SRX24841615.h5ad,22670
ERX11876759,gs://arc-institute-virtual-cell-atlas/scbasecount/2026-01-12/h5ad/GeneFull/Homo_sapiens/ERX11876759.h5ad,4569
SRX22996330,gs://arc-institute-virtual-cell-atlas/scbasecount/2026-01-12/h5ad/GeneFull/Homo_sapiens/SRX22996330.h5ad,3156
SRX22996327,gs://arc-institute-virtual-cell-atlas/scbasecount/2026-01-12/h5ad/GeneFull/Homo_sapiens/SRX22996327.h5ad,3629
SRX22996315,gs://arc-institute-virtual-cell-atlas/scbasecount/2026-01-12/h5ad/GeneFull/Homo_sapiens/SRX22996315.h5ad,5377
SRX22996342,gs://arc-institute-virtual-cell-atlas/scbasecount/2026-01-12/h5ad/GeneFull/Homo_sapiens/SRX22996342.h5ad,4285
SRX22996319,gs://arc-institute-virtual-cell-atlas/scbasecount/2026-01-12/h5ad/GeneFull/Homo_sapiens/SRX22996319.h5ad,3070
SRX22996318,gs://arc-institute-virtual-cell-atlas/scbasecount/2026-01-12/h5ad/GeneFull/Homo_sapiens/SRX22996318.h5ad,3279
SRX22996338,gs://arc-institute-virtual-cell-atlas/scbasecount/2026-01-12/h5ad/GeneFull/Homo_sapiens/SRX22996338.h5ad,3398
SRX26487585,gs://arc-institute-virtual-cell-atlas/scbasecount/2026-01-12/h5ad/GeneFull/Homo_sapiens/SRX26487585.h5ad,4819
SRX26487593,gs://arc-institute-virtual-cell-atlas/scbasecount/2026-01-12/h5ad/GeneFull/Homo_sapiens/SRX26487593.h5ad,2128
SRX26487581,gs://arc-institute-virtual-cell-atlas/scbasecount/2026-01-12/h5ad/GeneFull/Homo_sapiens/SRX26487581.h5ad,2539
SRX25318272,gs://arc-institute-virtual-cell-atlas/scbasecount/2026-01-12/h5ad/GeneFull/Homo_sapiens/SRX25318272.h5ad,31721
SRX26487595,gs://arc-institute-virtual-cell-atlas/scbasecount/2026-01-12/h5ad/GeneFull/Homo_sapiens/SRX26487595.h5ad,2171
SRX26487569,gs://arc-institute-virtual-cell-atlas/scbasecount/2026-01-12/h5ad/GeneFull/Homo_sapiens/SRX26487569.h5ad,5875
SRX26487586,gs://arc-institute-virtual-cell-atlas/scbasecount/2026-01-12/h5ad/GeneFull/Homo_sapiens/SRX26487586.h5ad,10093
SRX26487598,gs://arc-institute-virtual-cell-atlas/scbasecount/2026-01-12/h5ad/GeneFull/Homo_sapiens/SRX26487598.h5ad,5303
SRX26487582,gs://arc-institute-virtual-cell-atlas/scbasecount/2026-01-12/h5ad/GeneFull/Homo_sapiens/SRX26487582.h5ad,2719
SRX24841617,gs://arc-institute-virtual-cell-atlas/scbasecount/2026-01-12/h5ad/GeneFull/Homo_sapiens/SRX24841617.h5ad,8852
SRX26487573,gs://arc-institute-virtual-cell-atlas/scbasecount/2026-01-12/h5ad/GeneFull/Homo_sapiens/SRX26487573.h5ad,5514
SRX24841618,gs://arc-institute-virtual-cell-atlas/scbasecount/2026-01-12/h5ad/GeneFull/Homo_sapiens/SRX24841618.h5ad,8049
SRX26487568,gs://arc-institute-virtual-cell-atlas/scbasecount/2026-01-12/h5ad/GeneFull/Homo_sapiens/SRX26487568.h5ad,11091
SRX26487584,gs://arc-institute-virtual-cell-atlas/scbasecount/2026-01-12/h5ad/GeneFull/Homo_sapiens/SRX26487584.h5ad,2314
SRX26487587,gs://arc-institute-virtual-cell-atlas/scbasecount/2026-01-12/h5ad/GeneFull/Homo_sapiens/SRX26487587.h5ad,6598
SRX26487562,gs://arc-institute-virtual-cell-atlas/scbasecount/2026-01-12/h5ad/GeneFull/Homo_sapiens/SRX26487562.h5ad,16134
SRX26487592,gs://arc-institute-virtual-cell-atlas/scbasecount/2026-01-12/h5ad/GeneFull/Homo_sapiens/SRX26487592.h5ad,7055
SRX26487594,gs://arc-institute-virtual-cell-atlas/scbasecount/2026-01-12/h5ad/GeneFull/Homo_sapiens/SRX26487594.h5ad,5825
SRX11143430,gs://arc-institute-virtual-cell-atlas/scbasecount/2026-01-12/h5ad/GeneFull/Homo_sapiens/SRX11143430.h5ad,10863
SRX10957183,gs://arc-institute-virtual-cell-atlas/scbasecount/2026-01-12/h5ad/GeneFull/Homo_sapiens/SRX10957183.h5ad,5904
SRX11987912,gs://arc-institute-virtual-cell-atlas/scbasecount/2026-01-12/h5ad/GeneFull/Homo_sapiens/SRX11987912.h5ad,1751
SRX12571167,gs://arc-institute-virtual-cell-atlas/scbasecount/2026-01-12/h5ad/GeneFull/Homo_sapiens/SRX12571167.h5ad,3984
ERX11876752,gs://arc-institute-virtual-cell-atlas/scbasecount/2026-01-12/h5ad/GeneFull/Homo_sapiens/ERX11876752.h5ad,6673
SRX11987906,gs://arc-institute-virtual-cell-atlas/scbasecount/2026-01-12/h5ad/GeneFull/Homo_sapiens/SRX11987906.h5ad,2768
SRX12571169,gs://arc-institute-virtual-cell-atlas/scbasecount/2026-01-12/h5ad/GeneFull/Homo_sapiens/SRX12571169.h5ad,1672
SRX12708374,gs://arc-institute-virtual-cell-atlas/scbasecount/2026-01-12/h5ad/GeneFull/Homo_sapiens/SRX12708374.h5ad,4482
SRX12708376,gs://arc-institute-virtual-cell-atlas/scbasecount/2026-01-12/h5ad/GeneFull/Homo_sapiens/SRX12708376.h5ad,1897
SRX11987908,gs://arc-institute-virtual-cell-atlas/scbasecount/2026-01-12/h5ad/GeneFull/Homo_sapiens/SRX11987908.h5ad,2030
SRX11143423,gs://arc-institute-virtual-cell-atlas/scbasecount/2026-01-12/h5ad/GeneFull/Homo_sapiens/SRX11143423.h5ad,11084
SRX12708356,gs://arc-institute-virtual-cell-atlas/scbasecount/2026-01-12/h5ad/GeneFull/Homo_sapiens/SRX12708356.h5ad,1082
SRX13061245,gs://arc-institute-virtual-cell-atlas/scbasecount/2026-01-12/h5ad/GeneFull/Homo_sapiens/SRX13061245.h5ad,6307
SRX11515852,gs://arc-institute-virtual-cell-atlas/scbasecount/2026-01-12/h5ad/GeneFull/Homo_sapiens/SRX11515852.h5ad,11597
SRX11987902,gs://arc-institute-virtual-cell-atlas/scbasecount/2026-01-12/h5ad/GeneFull/Homo_sapiens/SRX11987902.h5ad,1681
SRX11987892,gs://arc-institute-virtual-cell-atlas/scbasecount/2026-01-12/h5ad/GeneFull/Homo_sapiens/SRX11987892.h5ad,1226
SRX11987909,gs://arc-institute-virtual-cell-atlas/scbasecount/2026-01-12/h5ad/GeneFull/Homo_sapiens/SRX11987909.h5ad,3333
SRX12285822,gs://arc-institute-virtual-cell-atlas/scbasecount/2026-01-12/h5ad/GeneFull/Homo_sapiens/SRX12285822.h5ad,4377
SRX11438989,gs://arc-institute-virtual-cell-atlas/scbasecount/2026-01-12/h5ad/GeneFull/Homo_sapiens/SRX11438989.h5ad,4159
SRX13198728,gs://arc-institute-virtual-cell-atlas/scbasecount/2026-01-12/h5ad/GeneFull/Homo_sapiens/SRX13198728.h5ad,11968
SRX13198725,gs://arc-institute-virtual-cell-atlas/scbasecount/2026-01-12/h5ad/GeneFull/Homo_sapiens/SRX13198725.h5ad,14947
SRX13198724,gs://arc-institute-virtual-cell-atlas/scbasecount/2026-01-12/h5ad/GeneFull/Homo_sapiens/SRX13198724.h5ad,18081
SRX13198727,gs://arc-institute-virtual-cell-atlas/scbasecount/2026-01-12/h5ad/GeneFull/Homo_sapiens/SRX13198727.h5ad,16344
SRX13198726,gs://arc-institute-virtual-cell-atlas/scbasecount/2026-01-12/h5ad/GeneFull/Homo_sapiens/SRX13198726.h5ad,17528
SRX13198730,gs://arc-institute-virtual-cell-atlas/scbasecount/2026-01-12/h5ad/GeneFull/Homo_sapiens/SRX13198730.h5ad,9419
SRX13198732,gs://arc-institute-virtual-cell-atlas/scbasecount/2026-01-12/h5ad/GeneFull/Homo_sapiens/SRX13198732.h5ad,15764
SRX13198729,gs://arc-institute-virtual-cell-atlas/scbasecount/2026-01-12/h5ad/GeneFull/Homo_sapiens/SRX13198729.h5ad,20104
SRX11515828,gs://arc-institute-virtual-cell-atlas/scbasecount/2026-01-12/h5ad/GeneFull/Homo_sapiens/SRX11515828.h5ad,37632
SRX11438984,gs://arc-institute-virtual-cell-atlas/scbasecount/2026-01-12/h5ad/GeneFull/Homo_sapiens/SRX11438984.h5ad,3680
SRX13325103,gs://arc-institute-virtual-cell-atlas/scbasecount/2026-01-12/h5ad/GeneFull/Homo_sapiens/SRX13325103.h5ad,6824
SRX11987904,gs://arc-institute-virtual-cell-atlas/scbasecount/2026-01-12/h5ad/GeneFull/Homo_sapiens/SRX11987904.h5ad,2537
SRX11438987,gs://arc-institute-virtual-cell-atlas/scbasecount/2026-01-12/h5ad/GeneFull/Homo_sapiens/SRX11438987.h5ad,1481
SRX10984882,gs://arc-institute-virtual-cell-atlas/scbasecount/2026-01-12/h5ad/GeneFull/Homo_sapiens/SRX10984882.h5ad,2177
SRX11987903,gs://arc-institute-virtual-cell-atlas/scbasecount/2026-01-12/h5ad/GeneFull/Homo_sapiens/SRX11987903.h5ad,2400
SRX11438992,gs://arc-institute-virtual-cell-atlas/scbasecount/2026-01-12/h5ad/GeneFull/Homo_sapiens/SRX11438992.h5ad,2654
SRX11143428,gs://arc-institute-virtual-cell-atlas/scbasecount/2026-01-12/h5ad/GeneFull/Homo_sapiens/SRX11143428.h5ad,23544
SRX14098302,gs://arc-institute-virtual-cell-atlas/scbasecount/2026-01-12/h5ad/GeneFull/Homo_sapiens/SRX14098302.h5ad,5955
SRX14098301,gs://arc-institute-virtual-cell-atlas/scbasecount/2026-01-12/h5ad/GeneFull/Homo_sapiens/SRX14098301.h5ad,17649
SRX14098303,gs://arc-institute-virtual-cell-atlas/scbasecount/2026-01-12/h5ad/GeneFull/Homo_sapiens/SRX14098303.h5ad,19069
SRX11987896,gs://arc-institute-virtual-cell-atlas/scbasecount/2026-01-12/h5ad/GeneFull/Homo_sapiens/SRX11987896.h5ad,2541
SRX14098306,gs://arc-institute-virtual-cell-atlas/scbasecount/2026-01-12/h5ad/GeneFull/Homo_sapiens/SRX14098306.h5ad,10561
SRX14589432,gs://arc-institute-virtual-cell-atlas/scbasecount/2026-01-12/h5ad/GeneFull/Homo_sapiens/SRX14589432.h5ad,1376
SRX11987900,gs://arc-institute-virtual-cell-atlas/scbasecount/2026-01-12/h5ad/GeneFull/Homo_sapiens/SRX11987900.h5ad,1729
SRX14495312,gs://arc-institute-virtual-cell-atlas/scbasecount/2026-01-12/h5ad/GeneFull/Homo_sapiens/SRX14495312.h5ad,2968
SRX14589433,gs://arc-institute-virtual-cell-atlas/scbasecount/2026-01-12/h5ad/GeneFull/Homo_sapiens/SRX14589433.h5ad,6976
SRX14589431,gs://arc-institute-virtual-cell-atlas/scbasecount/2026-01-12/h5ad/GeneFull/Homo_sapiens/SRX14589431.h5ad,5708
SRX14767855,gs://arc-institute-virtual-cell-atlas/scbasecount/2026-01-12/h5ad/GeneFull/Homo_sapiens/SRX14767855.h5ad,5221
SRX14767854,gs://arc-institute-virtual-cell-atlas/scbasecount/2026-01-12/h5ad/GeneFull/Homo_sapiens/SRX14767854.h5ad,6036
SRX14767853,gs://arc-institute-virtual-cell-atlas/scbasecount/2026-01-12/h5ad/GeneFull/Homo_sapiens/SRX14767853.h5ad,9187
SRX14767848,gs://arc-institute-virtual-cell-atlas/scbasecount/2026-01-12/h5ad/GeneFull/Homo_sapiens/SRX14767848.h5ad,9097
SRX14767852,gs://arc-institute-virtual-cell-atlas/scbasecount/2026-01-12/h5ad/GeneFull/Homo_sapiens/SRX14767852.h5ad,6492
SRX14767851,gs://arc-institute-virtual-cell-atlas/scbasecount/2026-01-12/h5ad/GeneFull/Homo_sapiens/SRX14767851.h5ad,4962
SRX11987915,gs://arc-institute-virtual-cell-atlas/scbasecount/2026-01-12/h5ad/GeneFull/Homo_sapiens/SRX11987915.h5ad,2949
SRX11143424,gs://arc-institute-virtual-cell-atlas/scbasecount/2026-01-12/h5ad/GeneFull/Homo_sapiens/SRX11143424.h5ad,9647
SRX11438991,gs://arc-institute-virtual-cell-atlas/scbasecount/2026-01-12/h5ad/GeneFull/Homo_sapiens/SRX11438991.h5ad,4001
SRX15390221,gs://arc-institute-virtual-cell-atlas/scbasecount/2026-01-12/h5ad/GeneFull/Homo_sapiens/SRX15390221.h5ad,10929
SRX11143425,gs://arc-institute-virtual-cell-atlas/scbasecount/2026-01-12/h5ad/GeneFull/Homo_sapiens/SRX11143425.h5ad,5176
SRX11438990,gs://arc-institute-virtual-cell-atlas/scbasecount/2026-01-12/h5ad/GeneFull/Homo_sapiens/SRX11438990.h5ad,5342
SRX15390539,gs://arc-institute-virtual-cell-atlas/scbasecount/2026-01-12/h5ad/GeneFull/Homo_sapiens/SRX15390539.h5ad,24307
SRX11143427,gs://arc-institute-virtual-cell-atlas/scbasecount/2026-01-12/h5ad/GeneFull/Homo_sapiens/SRX11143427.h5ad,10188
SRX10335835,gs://arc-institute-virtual-cell-atlas/scbasecount/2026-01-12/h5ad/GeneFull/Homo_sapiens/SRX10335835.h5ad,6530
SRX11515822,gs://arc-institute-virtual-cell-atlas/scbasecount/2026-01-12/h5ad/GeneFull/Homo_sapiens/SRX11515822.h5ad,35761
SRX11143429,gs://arc-institute-virtual-cell-atlas/scbasecount/2026-01-12/h5ad/GeneFull/Homo_sapiens/SRX11143429.h5ad,11744
SRX11515843,gs://arc-institute-virtual-cell-atlas/scbasecount/2026-01-12/h5ad/GeneFull/Homo_sapiens/SRX11515843.h5ad,14585
SRX10152685,gs://arc-institute-virtual-cell-atlas/scbasecount/2026-01-12/h5ad/GeneFull/Homo_sapiens/SRX10152685.h5ad,5680
SRX16217045,gs://arc-institute-virtual-cell-atlas/scbasecount/2026-01-12/h5ad/GeneFull/Homo_sapiens/SRX16217045.h5ad,5115
SRX16217035,gs://arc-institute-virtual-cell-atlas/scbasecount/2026-01-12/h5ad/GeneFull/Homo_sapiens/SRX16217035.h5ad,19093
SRX16217037,gs://arc-institute-virtual-cell-atlas/scbasecount/2026-01-12/h5ad/GeneFull/Homo_sapiens/SRX16217037.h5ad,13215
SRX16217040,gs://arc-institute-virtual-cell-atlas/scbasecount/2026-01-12/h5ad/GeneFull/Homo_sapiens/SRX16217040.h5ad,14615
SRX16217048,gs://arc-institute-virtual-cell-atlas/scbasecount/2026-01-12/h5ad/GeneFull/Homo_sapiens/SRX16217048.h5ad,5109
SRX16217033,gs://arc-institute-virtual-cell-atlas/scbasecount/2026-01-12/h5ad/GeneFull/Homo_sapiens/SRX16217033.h5ad,19788
SRX16217047,gs://arc-institute-virtual-cell-atlas/scbasecount/2026-01-12/h5ad/GeneFull/Homo_sapiens/SRX16217047.h5ad,5571
SRX22613096,gs://arc-institute-virtual-cell-atlas/scbasecount/2026-01-12/h5ad/GeneFull/Homo_sapiens/SRX22613096.h5ad,1934
ERX11662356,gs://arc-institute-virtual-cell-atlas/scbasecount/2026-01-12/h5ad/GeneFull/Homo_sapiens/ERX11662356.h5ad,34777
ERX11662358,gs://arc-institute-virtual-cell-atlas/scbasecount/2026-01-12/h5ad/GeneFull/Homo_sapiens/ERX11662358.h5ad,33699
ERX11662363,gs://arc-institute-virtual-cell-atlas/scbasecount/2026-01-12/h5ad/GeneFull/Homo_sapiens/ERX11662363.h5ad,25356
ERX11662365,gs://arc-institute-virtual-cell-atlas/scbasecount/2026-01-12/h5ad/GeneFull/Homo_sapiens/ERX11662365.h5ad,38751
ERX11662362,gs://arc-institute-virtual-cell-atlas/scbasecount/2026-01-12/h5ad/GeneFull/Homo_sapiens/ERX11662362.h5ad,35110
ERX11662383,gs://arc-institute-virtual-cell-atlas/scbasecount/2026-01-12/h5ad/GeneFull/Homo_sapiens/ERX11662383.h5ad,43718
ERX8831395,gs://arc-institute-virtual-cell-atlas/scbasecount/2026-01-12/h5ad/GeneFull/Homo_sapiens/ERX8831395.h5ad,12146
ERX11876756,gs://arc-institute-virtual-cell-atlas/scbasecount/2026-01-12/h5ad/GeneFull/Homo_sapiens/ERX11876756.h5ad,7121
ERX11876771,gs://arc-institute-virtual-cell-atlas/scbasecount/2026-01-12/h5ad/GeneFull/Homo_sapiens/ERX11876771.h5ad,5963
SRX25038170,gs://arc-institute-virtual-cell-atlas/scbasecount/2026-01-12/h5ad/GeneFull/Homo_sapiens/SRX25038170.h5ad,6293
SRX20407498,gs://arc-institute-virtual-cell-atlas/scbasecount/2026-01-12/h5ad/GeneFull/Homo_sapiens/SRX20407498.h5ad,12013
SRX21808831,gs://arc-institute-virtual-cell-atlas/scbasecount/2026-01-12/h5ad/GeneFull/Homo_sapiens/SRX21808831.h5ad,7592
SRX22996389,gs://arc-institute-virtual-cell-atlas/scbasecount/2026-01-12/h5ad/GeneFull/Homo_sapiens/SRX22996389.h5ad,3334
SRX19836245,gs://arc-institute-virtual-cell-atlas/scbasecount/2026-01-12/h5ad/GeneFull/Homo_sapiens/SRX19836245.h5ad,7156
SRX19730935,gs://arc-institute-virtual-cell-atlas/scbasecount/2026-01-12/h5ad/GeneFull/Homo_sapiens/SRX19730935.h5ad,5568
SRX19886033,gs://arc-institute-virtual-cell-atlas/scbasecount/2026-01-12/h5ad/GeneFull/Homo_sapiens/SRX19886033.h5ad,6230
SRX22996366,gs://arc-institute-virtual-cell-atlas/scbasecount/2026-01-12/h5ad/GeneFull/Homo_sapiens/SRX22996366.h5ad,3399
SRX22996335,gs://arc-institute-virtual-cell-atlas/scbasecount/2026-01-12/h5ad/GeneFull/Homo_sapiens/SRX22996335.h5ad,6478
SRX19704150,gs://arc-institute-virtual-cell-atlas/scbasecount/2026-01-12/h5ad/GeneFull/Homo_sapiens/SRX19704150.h5ad,1945
SRX19836243,gs://arc-institute-virtual-cell-atlas/scbasecount/2026-01-12/h5ad/GeneFull/Homo_sapiens/SRX19836243.h5ad,2503
SRX19704187,gs://arc-institute-virtual-cell-atlas/scbasecount/2026-01-12/h5ad/GeneFull/Homo_sapiens/SRX19704187.h5ad,16539
ERX11876772,gs://arc-institute-virtual-cell-atlas/scbasecount/2026-01-12/h5ad/GeneFull/Homo_sapiens/ERX11876772.h5ad,7084
SRX19844839,gs://arc-institute-virtual-cell-atlas/scbasecount/2026-01-12/h5ad/GeneFull/Homo_sapiens/SRX19844839.h5ad,5081
SRX26487580,gs://arc-institute-virtual-cell-atlas/scbasecount/2026-01-12/h5ad/GeneFull/Homo_sapiens/SRX26487580.h5ad,3255
SRX17689208,gs://arc-institute-virtual-cell-atlas/scbasecount/2026-01-12/h5ad/GeneFull/Homo_sapiens/SRX17689208.h5ad,3892
SRX25038168,gs://arc-institute-virtual-cell-atlas/scbasecount/2026-01-12/h5ad/GeneFull/Homo_sapiens/SRX25038168.h5ad,6592
SRX16757156,gs://arc-institute-virtual-cell-atlas/scbasecount/2026-01-12/h5ad/GeneFull/Homo_sapiens/SRX16757156.h5ad,3378
SRX12366723,gs://arc-institute-virtual-cell-atlas/scbasecount/2026-01-12/h5ad/GeneFull/Homo_sapiens/SRX12366723.h5ad,4032
SRX16757157,gs://arc-institute-virtual-cell-atlas/scbasecount/2026-01-12/h5ad/GeneFull/Homo_sapiens/SRX16757157.h5ad,11275
SRX18248069,gs://arc-institute-virtual-cell-atlas/scbasecount/2026-01-12/h5ad/GeneFull/Homo_sapiens/SRX18248069.h5ad,9325
SRX16217014,gs://arc-institute-virtual-cell-atlas/scbasecount/2026-01-12/h5ad/GeneFull/Homo_sapiens/SRX16217014.h5ad,20810
SRX16217008,gs://arc-institute-virtual-cell-atlas/scbasecount/2026-01-12/h5ad/GeneFull/Homo_sapiens/SRX16217008.h5ad,12463
SRX19704158,gs://arc-institute-virtual-cell-atlas/scbasecount/2026-01-12/h5ad/GeneFull/Homo_sapiens/SRX19704158.h5ad,14887
SRX19727436,gs://arc-institute-virtual-cell-atlas/scbasecount/2026-01-12/h5ad/GeneFull/Homo_sapiens/SRX19727436.h5ad,1324
SRX14891763,gs://arc-institute-virtual-cell-atlas/scbasecount/2026-01-12/h5ad/GeneFull/Homo_sapiens/SRX14891763.h5ad,9384
SRX19162066,gs://arc-institute-virtual-cell-atlas/scbasecount/2026-01-12/h5ad/GeneFull/Homo_sapiens/SRX19162066.h5ad,6745
SRX19320094,gs://arc-institute-virtual-cell-atlas/scbasecount/2026-01-12/h5ad/GeneFull/Homo_sapiens/SRX19320094.h5ad,4630
SRX19844820,gs://arc-institute-virtual-cell-atlas/scbasecount/2026-01-12/h5ad/GeneFull/Homo_sapiens/SRX19844820.h5ad,9010
SRX19844833,gs://arc-institute-virtual-cell-atlas/scbasecount/2026-01-12/h5ad/GeneFull/Homo_sapiens/SRX19844833.h5ad,14577
SRX19704131,gs://arc-institute-virtual-cell-atlas/scbasecount/2026-01-12/h5ad/GeneFull/Homo_sapiens/SRX19704131.h5ad,4834
SRX19886044,gs://arc-institute-virtual-cell-atlas/scbasecount/2026-01-12/h5ad/GeneFull/Homo_sapiens/SRX19886044.h5ad,5144
SRX19886047,gs://arc-institute-virtual-cell-atlas/scbasecount/2026-01-12/h5ad/GeneFull/Homo_sapiens/SRX19886047.h5ad,1243
SRX19886025,gs://arc-institute-virtual-cell-atlas/scbasecount/2026-01-12/h5ad/GeneFull/Homo_sapiens/SRX19886025.h5ad,1690
SRX21311407,gs://arc-institute-virtual-cell-atlas/scbasecount/2026-01-12/h5ad/GeneFull/Homo_sapiens/SRX21311407.h5ad,3605
SRX21808832,gs://arc-institute-virtual-cell-atlas/scbasecount/2026-01-12/h5ad/GeneFull/Homo_sapiens/SRX21808832.h5ad,10066
SRX21808829,gs://arc-institute-virtual-cell-atlas/scbasecount/2026-01-12/h5ad/GeneFull/Homo_sapiens/SRX21808829.h5ad,11663
SRX21808830,gs://arc-institute-virtual-cell-atlas/scbasecount/2026-01-12/h5ad/GeneFull/Homo_sapiens/SRX21808830.h5ad,10808
SRX21897873,gs://arc-institute-virtual-cell-atlas/scbasecount/2026-01-12/h5ad/GeneFull/Homo_sapiens/SRX21897873.h5ad,7807
SRX22130034,gs://arc-institute-virtual-cell-atlas/scbasecount/2026-01-12/h5ad/GeneFull/Homo_sapiens/SRX22130034.h5ad,3092
SRX22226505,gs://arc-institute-virtual-cell-atlas/scbasecount/2026-01-12/h5ad/GeneFull/Homo_sapiens/SRX22226505.h5ad,4581
SRX22226504,gs://arc-institute-virtual-cell-atlas/scbasecount/2026-01-12/h5ad/GeneFull/Homo_sapiens/SRX22226504.h5ad,2994
SRX22996314,gs://arc-institute-virtual-cell-atlas/scbasecount/2026-01-12/h5ad/GeneFull/Homo_sapiens/SRX22996314.h5ad,2889
SRX23331462,gs://arc-institute-virtual-cell-atlas/scbasecount/2026-01-12/h5ad/GeneFull/Homo_sapiens/SRX23331462.h5ad,9709
SRX22996379,gs://arc-institute-virtual-cell-atlas/scbasecount/2026-01-12/h5ad/GeneFull/Homo_sapiens/SRX22996379.h5ad,4113
SRX22996390,gs://arc-institute-virtual-cell-atlas/scbasecount/2026-01-12/h5ad/GeneFull/Homo_sapiens/SRX22996390.h5ad,2880
SRX22996350,gs://arc-institute-virtual-cell-atlas/scbasecount/2026-01-12/h5ad/GeneFull/Homo_sapiens/SRX22996350.h5ad,3089
SRX23395186,gs://arc-institute-virtual-cell-atlas/scbasecount/2026-01-12/h5ad/GeneFull/Homo_sapiens/SRX23395186.h5ad,5382
SRX22996336,gs://arc-institute-virtual-cell-atlas/scbasecount/2026-01-12/h5ad/GeneFull/Homo_sapiens/SRX22996336.h5ad,6532
SRX23395190,gs://arc-institute-virtual-cell-atlas/scbasecount/2026-01-12/h5ad/GeneFull/Homo_sapiens/SRX23395190.h5ad,7181
SRX22996377,gs://arc-institute-virtual-cell-atlas/scbasecount/2026-01-12/h5ad/GeneFull/Homo_sapiens/SRX22996377.h5ad,4699
SRX22996396,gs://arc-institute-virtual-cell-atlas/scbasecount/2026-01-12/h5ad/GeneFull/Homo_sapiens/SRX22996396.h5ad,3522
SRX22996329,gs://arc-institute-virtual-cell-atlas/scbasecount/2026-01-12/h5ad/GeneFull/Homo_sapiens/SRX22996329.h5ad,3638
SRX24841616,gs://arc-institute-virtual-cell-atlas/scbasecount/2026-01-12/h5ad/GeneFull/Homo_sapiens/SRX24841616.h5ad,11915
SRX25038172,gs://arc-institute-virtual-cell-atlas/scbasecount/2026-01-12/h5ad/GeneFull/Homo_sapiens/SRX25038172.h5ad,4774
SRX26735837,gs://arc-institute-virtual-cell-atlas/scbasecount/2026-01-12/h5ad/GeneFull/Homo_sapiens/SRX26735837.h5ad,8534
SRX27291571,gs://arc-institute-virtual-cell-atlas/scbasecount/2026-01-12/h5ad/GeneFull/Homo_sapiens/SRX27291571.h5ad,20509
SRX27291594,gs://arc-institute-virtual-cell-atlas/scbasecount/2026-01-12/h5ad/GeneFull/Homo_sapiens/SRX27291594.h5ad,12371
SRX27291592,gs://arc-institute-virtual-cell-atlas/scbasecount/2026-01-12/h5ad/GeneFull/Homo_sapiens/SRX27291592.h5ad,7911
SRX27291605,gs://arc-institute-virtual-cell-atlas/scbasecount/2026-01-12/h5ad/GeneFull/Homo_sapiens/SRX27291605.h5ad,5534
SRX27291600,gs://arc-institute-virtual-cell-atlas/scbasecount/2026-01-12/h5ad/GeneFull/Homo_sapiens/SRX27291600.h5ad,13850
SRX27291570,gs://arc-institute-virtual-cell-atlas/scbasecount/2026-01-12/h5ad/GeneFull/Homo_sapiens/SRX27291570.h5ad,17640
SRX27291607,gs://arc-institute-virtual-cell-atlas/scbasecount/2026-01-12/h5ad/GeneFull/Homo_sapiens/SRX27291607.h5ad,9730
SRX27291598,gs://arc-institute-virtual-cell-atlas/scbasecount/2026-01-12/h5ad/GeneFull/Homo_sapiens/SRX27291598.h5ad,6845
SRX27291590,gs://arc-institute-virtual-cell-atlas/scbasecount/2026-01-12/h5ad/GeneFull/Homo_sapiens/SRX27291590.h5ad,8112
SRX27291620,gs://arc-institute-virtual-cell-atlas/scbasecount/2026-01-12/h5ad/GeneFull/Homo_sapiens/SRX27291620.h5ad,5453
SRX27291563,gs://arc-institute-virtual-cell-atlas/scbasecount/2026-01-12/h5ad/GeneFull/Homo_sapiens/SRX27291563.h5ad,48355
SRX27291616,gs://arc-institute-virtual-cell-atlas/scbasecount/2026-01-12/h5ad/GeneFull/Homo_sapiens/SRX27291616.h5ad,10156
SRX27291609,gs://arc-institute-virtual-cell-atlas/scbasecount/2026-01-12/h5ad/GeneFull/Homo_sapiens/SRX27291609.h5ad,9122
SRX27291603,gs://arc-institute-virtual-cell-atlas/scbasecount/2026-01-12/h5ad/GeneFull/Homo_sapiens/SRX27291603.h5ad,9198
SRX27291614,gs://arc-institute-virtual-cell-atlas/scbasecount/2026-01-12/h5ad/GeneFull/Homo_sapiens/SRX27291614.h5ad,10842
SRX27291613,gs://arc-institute-virtual-cell-atlas/scbasecount/2026-01-12/h5ad/GeneFull/Homo_sapiens/SRX27291613.h5ad,18046
SRX27291587,gs://arc-institute-virtual-cell-atlas/scbasecount/2026-01-12/h5ad/GeneFull/Homo_sapiens/SRX27291587.h5ad,24543
SRX27291595,gs://arc-institute-virtual-cell-atlas/scbasecount/2026-01-12/h5ad/GeneFull/Homo_sapiens/SRX27291595.h5ad,14054
SRX27208867,gs://arc-institute-virtual-cell-atlas/scbasecount/2026-01-12/h5ad/GeneFull/Homo_sapiens/SRX27208867.h5ad,7387
SRX27208869,gs://arc-institute-virtual-cell-atlas/scbasecount/2026-01-12/h5ad/GeneFull/Homo_sapiens/SRX27208869.h5ad,4990
SRX27208873,gs://arc-institute-virtual-cell-atlas/scbasecount/2026-01-12/h5ad/GeneFull/Homo_sapiens/SRX27208873.h5ad,6865
SRX27208878,gs://arc-institute-virtual-cell-atlas/scbasecount/2026-01-12/h5ad/GeneFull/Homo_sapiens/SRX27208878.h5ad,12313
SRX27208876,gs://arc-institute-virtual-cell-atlas/scbasecount/2026-01-12/h5ad/GeneFull/Homo_sapiens/SRX27208876.h5ad,4592
SRX27208872,gs://arc-institute-virtual-cell-atlas/scbasecount/2026-01-12/h5ad/GeneFull/Homo_sapiens/SRX27208872.h5ad,8439
SRX27208877,gs://arc-institute-virtual-cell-atlas/scbasecount/2026-01-12/h5ad/GeneFull/Homo_sapiens/SRX27208877.h5ad,21539
SRX27208868,gs://arc-institute-virtual-cell-atlas/scbasecount/2026-01-12/h5ad/GeneFull/Homo_sapiens/SRX27208868.h5ad,7003
SRX10327364,gs://arc-institute-virtual-cell-atlas/scbasecount/2026-01-12/h5ad/GeneFull/Homo_sapiens/SRX10327364.h5ad,3196
SRX27291551,gs://arc-institute-virtual-cell-atlas/scbasecount/2026-01-12/h5ad/GeneFull/Homo_sapiens/SRX27291551.h5ad,13923
SRX27291559,gs://arc-institute-virtual-cell-atlas/scbasecount/2026-01-12/h5ad/GeneFull/Homo_sapiens/SRX27291559.h5ad,11454
SRX27291560,gs://arc-institute-virtual-cell-atlas/scbasecount/2026-01-12/h5ad/GeneFull/Homo_sapiens/SRX27291560.h5ad,7015
SRX27291565,gs://arc-institute-virtual-cell-atlas/scbasecount/2026-01-12/h5ad/GeneFull/Homo_sapiens/SRX27291565.h5ad,10213
SRX27291568,gs://arc-institute-virtual-cell-atlas/scbasecount/2026-01-12/h5ad/GeneFull/Homo_sapiens/SRX27291568.h5ad,7765
SRX27291569,gs://arc-institute-virtual-cell-atlas/scbasecount/2026-01-12/h5ad/GeneFull/Homo_sapiens/SRX27291569.h5ad,6243
SRX27291562,gs://arc-institute-virtual-cell-atlas/scbasecount/2026-01-12/h5ad/GeneFull/Homo_sapiens/SRX27291562.h5ad,8621
SRX27291574,gs://arc-institute-virtual-cell-atlas/scbasecount/2026-01-12/h5ad/GeneFull/Homo_sapiens/SRX27291574.h5ad,10751
SRX27291572,gs://arc-institute-virtual-cell-atlas/scbasecount/2026-01-12/h5ad/GeneFull/Homo_sapiens/SRX27291572.h5ad,4703
SRX27291564,gs://arc-institute-virtual-cell-atlas/scbasecount/2026-01-12/h5ad/GeneFull/Homo_sapiens/SRX27291564.h5ad,7622
SRX27291580,gs://arc-institute-virtual-cell-atlas/scbasecount/2026-01-12/h5ad/GeneFull/Homo_sapiens/SRX27291580.h5ad,3385
SRX27291567,gs://arc-institute-virtual-cell-atlas/scbasecount/2026-01-12/h5ad/GeneFull/Homo_sapiens/SRX27291567.h5ad,6412
SRX27291578,gs://arc-institute-virtual-cell-atlas/scbasecount/2026-01-12/h5ad/GeneFull/Homo_sapiens/SRX27291578.h5ad,3602
SRX27291584,gs://arc-institute-virtual-cell-atlas/scbasecount/2026-01-12/h5ad/GeneFull/Homo_sapiens/SRX27291584.h5ad,4394
SRX27291582,gs://arc-institute-virtual-cell-atlas/scbasecount/2026-01-12/h5ad/GeneFull/Homo_sapiens/SRX27291582.h5ad,10523
SRX27291588,gs://arc-institute-virtual-cell-atlas/scbasecount/2026-01-12/h5ad/GeneFull/Homo_sapiens/SRX27291588.h5ad,11952
SRX27291558,gs://arc-institute-virtual-cell-atlas/scbasecount/2026-01-12/h5ad/GeneFull/Homo_sapiens/SRX27291558.h5ad,10553
SRX27291599,gs://arc-institute-virtual-cell-atlas/scbasecount/2026-01-12/h5ad/GeneFull/Homo_sapiens/SRX27291599.h5ad,4260
SRX27291589,gs://arc-institute-virtual-cell-atlas/scbasecount/2026-01-12/h5ad/GeneFull/Homo_sapiens/SRX27291589.h5ad,3179
SRX27291624,gs://arc-institute-virtual-cell-atlas/scbasecount/2026-01-12/h5ad/GeneFull/Homo_sapiens/SRX27291624.h5ad,19667
SRX27291621,gs://arc-institute-virtual-cell-atlas/scbasecount/2026-01-12/h5ad/GeneFull/Homo_sapiens/SRX27291621.h5ad,14987
SRX27291623,gs://arc-institute-virtual-cell-atlas/scbasecount/2026-01-12/h5ad/GeneFull/Homo_sapiens/SRX27291623.h5ad,7873
SRX27291612,gs://arc-institute-virtual-cell-atlas/scbasecount/2026-01-12/h5ad/GeneFull/Homo_sapiens/SRX27291612.h5ad,21984
SRX27291611,gs://arc-institute-virtual-cell-atlas/scbasecount/2026-01-12/h5ad/GeneFull/Homo_sapiens/SRX27291611.h5ad,10114
SRX10327365,gs://arc-institute-virtual-cell-atlas/scbasecount/2026-01-12/h5ad/GeneFull/Homo_sapiens/SRX10327365.h5ad,3828
SRX27358285,gs://arc-institute-virtual-cell-atlas/scbasecount/2026-01-12/h5ad/GeneFull/Homo_sapiens/SRX27358285.h5ad,1554
SRX23724110,gs://arc-institute-virtual-cell-atlas/scbasecount/2026-01-12/h5ad/GeneFull/Homo_sapiens/SRX23724110.h5ad,8925
SRX23724101,gs://arc-institute-virtual-cell-atlas/scbasecount/2026-01-12/h5ad/GeneFull/Homo_sapiens/SRX23724101.h5ad,9110
SRX23724094,gs://arc-institute-virtual-cell-atlas/scbasecount/2026-01-12/h5ad/GeneFull/Homo_sapiens/SRX23724094.h5ad,9504
SRX23724124,gs://arc-institute-virtual-cell-atlas/scbasecount/2026-01-12/h5ad/GeneFull/Homo_sapiens/SRX23724124.h5ad,1953
SRX23724103,gs://arc-institute-virtual-cell-atlas/scbasecount/2026-01-12/h5ad/GeneFull/Homo_sapiens/SRX23724103.h5ad,3183
SRX23724088,gs://arc-institute-virtual-cell-atlas/scbasecount/2026-01-12/h5ad/GeneFull/Homo_sapiens/SRX23724088.h5ad,4947
SRX23724122,gs://arc-institute-virtual-cell-atlas/scbasecount/2026-01-12/h5ad/GeneFull/Homo_sapiens/SRX23724122.h5ad,4650
SRX23724100,gs://arc-institute-virtual-cell-atlas/scbasecount/2026-01-12/h5ad/GeneFull/Homo_sapiens/SRX23724100.h5ad,10638
SRX23724123,gs://arc-institute-virtual-cell-atlas/scbasecount/2026-01-12/h5ad/GeneFull/Homo_sapiens/SRX23724123.h5ad,6524
SRX23724125,gs://arc-institute-virtual-cell-atlas/scbasecount/2026-01-12/h5ad/GeneFull/Homo_sapiens/SRX23724125.h5ad,16970
SRX23724081,gs://arc-institute-virtual-cell-atlas/scbasecount/2026-01-12/h5ad/GeneFull/Homo_sapiens/SRX23724081.h5ad,9195
SRX23724107,gs://arc-institute-virtual-cell-atlas/scbasecount/2026-01-12/h5ad/GeneFull/Homo_sapiens/SRX23724107.h5ad,22198
SRX22996340,gs://arc-institute-virtual-cell-atlas/scbasecount/2026-01-12/h5ad/GeneFull/Homo_sapiens/SRX22996340.h5ad,2269
SRX24841619,gs://arc-institute-virtual-cell-atlas/scbasecount/2026-01-12/h5ad/GeneFull/Homo_sapiens/SRX24841619.h5ad,6104
SRX23724098,gs://arc-institute-virtual-cell-atlas/scbasecount/2026-01-12/h5ad/GeneFull/Homo_sapiens/SRX23724098.h5ad,11246
SRX23802731,gs://arc-institute-virtual-cell-atlas/scbasecount/2026-01-12/h5ad/GeneFull/Homo_sapiens/SRX23802731.h5ad,22441
SRX23802736,gs://arc-institute-virtual-cell-atlas/scbasecount/2026-01-12/h5ad/GeneFull/Homo_sapiens/SRX23802736.h5ad,18482
SRX23724090,gs://arc-institute-virtual-cell-atlas/scbasecount/2026-01-12/h5ad/GeneFull/Homo_sapiens/SRX23724090.h5ad,4151
SRX23724082,gs://arc-institute-virtual-cell-atlas/scbasecount/2026-01-12/h5ad/GeneFull/Homo_sapiens/SRX23724082.h5ad,19177
SRX23724096,gs://arc-institute-virtual-cell-atlas/scbasecount/2026-01-12/h5ad/GeneFull/Homo_sapiens/SRX23724096.h5ad,11802
SRX23724109,gs://arc-institute-virtual-cell-atlas/scbasecount/2026-01-12/h5ad/GeneFull/Homo_sapiens/SRX23724109.h5ad,7699
SRX23724121,gs://arc-institute-virtual-cell-atlas/scbasecount/2026-01-12/h5ad/GeneFull/Homo_sapiens/SRX23724121.h5ad,17601
SRX23802728,gs://arc-institute-virtual-cell-atlas/scbasecount/2026-01-12/h5ad/GeneFull/Homo_sapiens/SRX23802728.h5ad,18972
SRX23724091,gs://arc-institute-virtual-cell-atlas/scbasecount/2026-01-12/h5ad/GeneFull/Homo_sapiens/SRX23724091.h5ad,33545
SRX22996317,gs://arc-institute-virtual-cell-atlas/scbasecount/2026-01-12/h5ad/GeneFull/Homo_sapiens/SRX22996317.h5ad,3068
SRX27995731,gs://arc-institute-virtual-cell-atlas/scbasecount/2026-01-12/h5ad/GeneFull/Homo_sapiens/SRX27995731.h5ad,1446
SRX17412842,gs://arc-institute-virtual-cell-atlas/scbasecount/2026-01-12/h5ad/GeneFull/Homo_sapiens/SRX17412842.h5ad,3631
SRX17412811,gs://arc-institute-virtual-cell-atlas/scbasecount/2026-01-12/h5ad/GeneFull/Homo_sapiens/SRX17412811.h5ad,7417
SRX17412807,gs://arc-institute-virtual-cell-atlas/scbasecount/2026-01-12/h5ad/GeneFull/Homo_sapiens/SRX17412807.h5ad,12027
SRX17412831,gs://arc-institute-virtual-cell-atlas/scbasecount/2026-01-12/h5ad/GeneFull/Homo_sapiens/SRX17412831.h5ad,6572
SRX17412814,gs://arc-institute-virtual-cell-atlas/scbasecount/2026-01-12/h5ad/GeneFull/Homo_sapiens/SRX17412814.h5ad,2886
SRX17412844,gs://arc-institute-virtual-cell-atlas/scbasecount/2026-01-12/h5ad/GeneFull/Homo_sapiens/SRX17412844.h5ad,4033
SRX17412830,gs://arc-institute-virtual-cell-atlas/scbasecount/2026-01-12/h5ad/GeneFull/Homo_sapiens/SRX17412830.h5ad,5498
SRX17412805,gs://arc-institute-virtual-cell-atlas/scbasecount/2026-01-12/h5ad/GeneFull/Homo_sapiens/SRX17412805.h5ad,5424
SRX17412832,gs://arc-institute-virtual-cell-atlas/scbasecount/2026-01-12/h5ad/GeneFull/Homo_sapiens/SRX17412832.h5ad,4817
SRX17412786,gs://arc-institute-virtual-cell-atlas/scbasecount/2026-01-12/h5ad/GeneFull/Homo_sapiens/SRX17412786.h5ad,4052
SRX17412835,gs://arc-institute-virtual-cell-atlas/scbasecount/2026-01-12/h5ad/GeneFull/Homo_sapiens/SRX17412835.h5ad,9761
SRX17412812,gs://arc-institute-virtual-cell-atlas/scbasecount/2026-01-12/h5ad/GeneFull/Homo_sapiens/SRX17412812.h5ad,3340
SRX17412828,gs://arc-institute-virtual-cell-atlas/scbasecount/2026-01-12/h5ad/GeneFull/Homo_sapiens/SRX17412828.h5ad,5783
SRX17412817,gs://arc-institute-virtual-cell-atlas/scbasecount/2026-01-12/h5ad/GeneFull/Homo_sapiens/SRX17412817.h5ad,3749
SRX17412843,gs://arc-institute-virtual-cell-atlas/scbasecount/2026-01-12/h5ad/GeneFull/Homo_sapiens/SRX17412843.h5ad,5579
SRX17412820,gs://arc-institute-virtual-cell-atlas/scbasecount/2026-01-12/h5ad/GeneFull/Homo_sapiens/SRX17412820.h5ad,3836
SRX17412851,gs://arc-institute-virtual-cell-atlas/scbasecount/2026-01-12/h5ad/GeneFull/Homo_sapiens/SRX17412851.h5ad,4936
SRX17412823,gs://arc-institute-virtual-cell-atlas/scbasecount/2026-01-12/h5ad/GeneFull/Homo_sapiens/SRX17412823.h5ad,3908
SRX17412802,gs://arc-institute-virtual-cell-atlas/scbasecount/2026-01-12/h5ad/GeneFull/Homo_sapiens/SRX17412802.h5ad,1251
SRX17412792,gs://arc-institute-virtual-cell-atlas/scbasecount/2026-01-12/h5ad/GeneFull/Homo_sapiens/SRX17412792.h5ad,2050
SRX17412841,gs://arc-institute-virtual-cell-atlas/scbasecount/2026-01-12/h5ad/GeneFull/Homo_sapiens/SRX17412841.h5ad,5506
SRX17412808,gs://arc-institute-virtual-cell-atlas/scbasecount/2026-01-12/h5ad/GeneFull/Homo_sapiens/SRX17412808.h5ad,7009
SRX17412849,gs://arc-institute-virtual-cell-atlas/scbasecount/2026-01-12/h5ad/GeneFull/Homo_sapiens/SRX17412849.h5ad,1466
SRX17412825,gs://arc-institute-virtual-cell-atlas/scbasecount/2026-01-12/h5ad/GeneFull/Homo_sapiens/SRX17412825.h5ad,4333
SRX17412816,gs://arc-institute-virtual-cell-atlas/scbasecount/2026-01-12/h5ad/GeneFull/Homo_sapiens/SRX17412816.h5ad,4923
SRX17412839,gs://arc-institute-virtual-cell-atlas/scbasecount/2026-01-12/h5ad/GeneFull/Homo_sapiens/SRX17412839.h5ad,8186
SRX17412847,gs://arc-institute-virtual-cell-atlas/scbasecount/2026-01-12/h5ad/GeneFull/Homo_sapiens/SRX17412847.h5ad,5379
SRX17412836,gs://arc-institute-virtual-cell-atlas/scbasecount/2026-01-12/h5ad/GeneFull/Homo_sapiens/SRX17412836.h5ad,13255
SRX17412845,gs://arc-institute-virtual-cell-atlas/scbasecount/2026-01-12/h5ad/GeneFull/Homo_sapiens/SRX17412845.h5ad,5956
SRX23724111,gs://arc-institute-virtual-cell-atlas/scbasecount/2026-01-12/h5ad/GeneFull/Homo_sapiens/SRX23724111.h5ad,6416
SRX23724106,gs://arc-institute-virtual-cell-atlas/scbasecount/2026-01-12/h5ad/GeneFull/Homo_sapiens/SRX23724106.h5ad,10544
SRX23724104,gs://arc-institute-virtual-cell-atlas/scbasecount/2026-01-12/h5ad/GeneFull/Homo_sapiens/SRX23724104.h5ad,9667
SRX23724105,gs://arc-institute-virtual-cell-atlas/scbasecount/2026-01-12/h5ad/GeneFull/Homo_sapiens/SRX23724105.h5ad,10380
SRX23724085,gs://arc-institute-virtual-cell-atlas/scbasecount/2026-01-12/h5ad/GeneFull/Homo_sapiens/SRX23724085.h5ad,4982
SRX23724073,gs://arc-institute-virtual-cell-atlas/scbasecount/2026-01-12/h5ad/GeneFull/Homo_sapiens/SRX23724073.h5ad,24163
SRX23802735,gs://arc-institute-virtual-cell-atlas/scbasecount/2026-01-12/h5ad/GeneFull/Homo_sapiens/SRX23802735.h5ad,23056
SRX8008855,gs://arc-institute-virtual-cell-atlas/scbasecount/2026-01-12/h5ad/GeneFull/Homo_sapiens/SRX8008855.h5ad,9939
ERX4409915,gs://arc-institute-virtual-cell-atlas/scbasecount/2026-01-12/h5ad/GeneFull/Homo_sapiens/ERX4409915.h5ad,2444
SRX10327368,gs://arc-institute-virtual-cell-atlas/scbasecount/2026-01-12/h5ad/GeneFull/Homo_sapiens/SRX10327368.h5ad,3117
SRX12509396,gs://arc-institute-virtual-cell-atlas/scbasecount/2026-01-12/h5ad/GeneFull/Homo_sapiens/SRX12509396.h5ad,13533
SRX17412822,gs://arc-institute-virtual-cell-atlas/scbasecount/2026-01-12/h5ad/GeneFull/Homo_sapiens/SRX17412822.h5ad,1150
SRX17412848,gs://arc-institute-virtual-cell-atlas/scbasecount/2026-01-12/h5ad/GeneFull/Homo_sapiens/SRX17412848.h5ad,4625
SRX17412813,gs://arc-institute-virtual-cell-atlas/scbasecount/2026-01-12/h5ad/GeneFull/Homo_sapiens/SRX17412813.h5ad,3393
SRX17412827,gs://arc-institute-virtual-cell-atlas/scbasecount/2026-01-12/h5ad/GeneFull/Homo_sapiens/SRX17412827.h5ad,8008
SRX17412833,gs://arc-institute-virtual-cell-atlas/scbasecount/2026-01-12/h5ad/GeneFull/Homo_sapiens/SRX17412833.h5ad,1244
SRX17412850,gs://arc-institute-virtual-cell-atlas/scbasecount/2026-01-12/h5ad/GeneFull/Homo_sapiens/SRX17412850.h5ad,5900
SRX17412809,gs://arc-institute-virtual-cell-atlas/scbasecount/2026-01-12/h5ad/GeneFull/Homo_sapiens/SRX17412809.h5ad,4663
SRX17412806,gs://arc-institute-virtual-cell-atlas/scbasecount/2026-01-12/h5ad/GeneFull/Homo_sapiens/SRX17412806.h5ad,3974
SRX17412821,gs://arc-institute-virtual-cell-atlas/scbasecount/2026-01-12/h5ad/GeneFull/Homo_sapiens/SRX17412821.h5ad,5103
SRX17412834,gs://arc-institute-virtual-cell-atlas/scbasecount/2026-01-12/h5ad/GeneFull/Homo_sapiens/SRX17412834.h5ad,6106
SRX17412840,gs://arc-institute-virtual-cell-atlas/scbasecount/2026-01-12/h5ad/GeneFull/Homo_sapiens/SRX17412840.h5ad,3980
SRX17412815,gs://arc-institute-virtual-cell-atlas/scbasecount/2026-01-12/h5ad/GeneFull/Homo_sapiens/SRX17412815.h5ad,2251
SRX17412853,gs://arc-institute-virtual-cell-atlas/scbasecount/2026-01-12/h5ad/GeneFull/Homo_sapiens/SRX17412853.h5ad,7203
SRX17412818,gs://arc-institute-virtual-cell-atlas/scbasecount/2026-01-12/h5ad/GeneFull/Homo_sapiens/SRX17412818.h5ad,2375
SRX17412837,gs://arc-institute-virtual-cell-atlas/scbasecount/2026-01-12/h5ad/GeneFull/Homo_sapiens/SRX17412837.h5ad,3629
SRX17412846,gs://arc-institute-virtual-cell-atlas/scbasecount/2026-01-12/h5ad/GeneFull/Homo_sapiens/SRX17412846.h5ad,3133
SRX17412829,gs://arc-institute-virtual-cell-atlas/scbasecount/2026-01-12/h5ad/GeneFull/Homo_sapiens/SRX17412829.h5ad,6492
SRX17412824,gs://arc-institute-virtual-cell-atlas/scbasecount/2026-01-12/h5ad/GeneFull/Homo_sapiens/SRX17412824.h5ad,7242
SRX17412854,gs://arc-institute-virtual-cell-atlas/scbasecount/2026-01-12/h5ad/GeneFull/Homo_sapiens/SRX17412854.h5ad,8681
SRX19704118,gs://arc-institute-virtual-cell-atlas/scbasecount/2026-01-12/h5ad/GeneFull/Homo_sapiens/SRX19704118.h5ad,6873
SRX19704117,gs://arc-institute-virtual-cell-atlas/scbasecount/2026-01-12/h5ad/GeneFull/Homo_sapiens/SRX19704117.h5ad,3385
SRX24732576,gs://arc-institute-virtual-cell-atlas/scbasecount/2026-01-12/h5ad/GeneFull/Homo_sapiens/SRX24732576.h5ad,3506
SRX26517110,gs://arc-institute-virtual-cell-atlas/scbasecount/2026-01-12/h5ad/GeneFull/Homo_sapiens/SRX26517110.h5ad,3199
SRX26517112,gs://arc-institute-virtual-cell-atlas/scbasecount/2026-01-12/h5ad/GeneFull/Homo_sapiens/SRX26517112.h5ad,4536
SRX10425170,gs://arc-institute-virtual-cell-atlas/scbasecount/2026-01-12/h5ad/GeneFull/Homo_sapiens/SRX10425170.h5ad,5250
SRX8372491,gs://arc-institute-virtual-cell-atlas/scbasecount/2026-01-12/h5ad/GeneFull/Homo_sapiens/SRX8372491.h5ad,18569
SRX8372495,gs://arc-institute-virtual-cell-atlas/scbasecount/2026-01-12/h5ad/GeneFull/Homo_sapiens/SRX8372495.h5ad,5924
SRX8372496,gs://arc-institute-virtual-cell-atlas/scbasecount/2026-01-12/h5ad/GeneFull/Homo_sapiens/SRX8372496.h5ad,22964
SRX8372494,gs://arc-institute-virtual-cell-atlas/scbasecount/2026-01-12/h5ad/GeneFull/Homo_sapiens/SRX8372494.h5ad,2724
SRX9927818,gs://arc-institute-virtual-cell-atlas/scbasecount/2026-01-12/h5ad/GeneFull/Homo_sapiens/SRX9927818.h5ad,13610
SRX9127142,gs://arc-institute-virtual-cell-atlas/scbasecount/2026-01-12/h5ad/GeneFull/Homo_sapiens/SRX9127142.h5ad,3566
SRX9768488,gs://arc-institute-virtual-cell-atlas/scbasecount/2026-01-12/h5ad/GeneFull/Homo_sapiens/SRX9768488.h5ad,3073
SRX9495612,gs://arc-institute-virtual-cell-atlas/scbasecount/2026-01-12/h5ad/GeneFull/Homo_sapiens/SRX9495612.h5ad,2296
SRX9495616,gs://arc-institute-virtual-cell-atlas/scbasecount/2026-01-12/h5ad/GeneFull/Homo_sapiens/SRX9495616.h5ad,9712
SRX9430527,gs://arc-institute-virtual-cell-atlas/scbasecount/2026-01-12/h5ad/GeneFull/Homo_sapiens/SRX9430527.h5ad,7384
SRX10048380,gs://arc-institute-virtual-cell-atlas/scbasecount/2026-01-12/h5ad/GeneFull/Homo_sapiens/SRX10048380.h5ad,12397
SRX9127143,gs://arc-institute-virtual-cell-atlas/scbasecount/2026-01-12/h5ad/GeneFull/Homo_sapiens/SRX9127143.h5ad,4272
SRX10048393,gs://arc-institute-virtual-cell-atlas/scbasecount/2026-01-12/h5ad/GeneFull/Homo_sapiens/SRX10048393.h5ad,1535
SRX9768485,gs://arc-institute-virtual-cell-atlas/scbasecount/2026-01-12/h5ad/GeneFull/Homo_sapiens/SRX9768485.h5ad,1221
SRX10048395,gs://arc-institute-virtual-cell-atlas/scbasecount/2026-01-12/h5ad/GeneFull/Homo_sapiens/SRX10048395.h5ad,8876
SRX10048396,gs://arc-institute-virtual-cell-atlas/scbasecount/2026-01-12/h5ad/GeneFull/Homo_sapiens/SRX10048396.h5ad,3396
SRX10048379,gs://arc-institute-virtual-cell-atlas/scbasecount/2026-01-12/h5ad/GeneFull/Homo_sapiens/SRX10048379.h5ad,15184
SRX10008476,gs://arc-institute-virtual-cell-atlas/scbasecount/2026-01-12/h5ad/GeneFull/Homo_sapiens/SRX10008476.h5ad,2326
SRX9768483,gs://arc-institute-virtual-cell-atlas/scbasecount/2026-01-12/h5ad/GeneFull/Homo_sapiens/SRX9768483.h5ad,4608
SRX10048375,gs://arc-institute-virtual-cell-atlas/scbasecount/2026-01-12/h5ad/GeneFull/Homo_sapiens/SRX10048375.h5ad,11687
SRX10048373,gs://arc-institute-virtual-cell-atlas/scbasecount/2026-01-12/h5ad/GeneFull/Homo_sapiens/SRX10048373.h5ad,13251
SRX9495614,gs://arc-institute-virtual-cell-atlas/scbasecount/2026-01-12/h5ad/GeneFull/Homo_sapiens/SRX9495614.h5ad,6292
SRX10048391,gs://arc-institute-virtual-cell-atlas/scbasecount/2026-01-12/h5ad/GeneFull/Homo_sapiens/SRX10048391.h5ad,23078
SRX10048376,gs://arc-institute-virtual-cell-atlas/scbasecount/2026-01-12/h5ad/GeneFull/Homo_sapiens/SRX10048376.h5ad,4849
SRX9127144,gs://arc-institute-virtual-cell-atlas/scbasecount/2026-01-12/h5ad/GeneFull/Homo_sapiens/SRX9127144.h5ad,4205
SRX9495610,gs://arc-institute-virtual-cell-atlas/scbasecount/2026-01-12/h5ad/GeneFull/Homo_sapiens/SRX9495610.h5ad,12650
SRX10048385,gs://arc-institute-virtual-cell-atlas/scbasecount/2026-01-12/h5ad/GeneFull/Homo_sapiens/SRX10048385.h5ad,12369
SRX27113453,gs://arc-institute-virtual-cell-atlas/scbasecount/2026-01-12/h5ad/GeneFull/Homo_sapiens/SRX27113453.h5ad,5961
SRX27113459,gs://arc-institute-virtual-cell-atlas/scbasecount/2026-01-12/h5ad/GeneFull/Homo_sapiens/SRX27113459.h5ad,7677
SRX27113451,gs://arc-institute-virtual-cell-atlas/scbasecount/2026-01-12/h5ad/GeneFull/Homo_sapiens/SRX27113451.h5ad,5835
SRX27113465,gs://arc-institute-virtual-cell-atlas/scbasecount/2026-01-12/h5ad/GeneFull/Homo_sapiens/SRX27113465.h5ad,4325
SRX27113457,gs://arc-institute-virtual-cell-atlas/scbasecount/2026-01-12/h5ad/GeneFull/Homo_sapiens/SRX27113457.h5ad,4401
SRX27113449,gs://arc-institute-virtual-cell-atlas/scbasecount/2026-01-12/h5ad/GeneFull/Homo_sapiens/SRX27113449.h5ad,4785
SRX27113462,gs://arc-institute-virtual-cell-atlas/scbasecount/2026-01-12/h5ad/GeneFull/Homo_sapiens/SRX27113462.h5ad,5213
SRX27113460,gs://arc-institute-virtual-cell-atlas/scbasecount/2026-01-12/h5ad/GeneFull/Homo_sapiens/SRX27113460.h5ad,7055
SRX27113463,gs://arc-institute-virtual-cell-atlas/scbasecount/2026-01-12/h5ad/GeneFull/Homo_sapiens/SRX27113463.h5ad,3449
SRX10048397,gs://arc-institute-virtual-cell-atlas/scbasecount/2026-01-12/h5ad/GeneFull/Homo_sapiens/SRX10048397.h5ad,2298
SRX10048389,gs://arc-institute-virtual-cell-atlas/scbasecount/2026-01-12/h5ad/GeneFull/Homo_sapiens/SRX10048389.h5ad,10008
SRX9276336,gs://arc-institute-virtual-cell-atlas/scbasecount/2026-01-12/h5ad/GeneFull/Homo_sapiens/SRX9276336.h5ad,4175
SRX9246202,gs://arc-institute-virtual-cell-atlas/scbasecount/2026-01-12/h5ad/GeneFull/Homo_sapiens/SRX9246202.h5ad,15930
SRX8953167,gs://arc-institute-virtual-cell-atlas/scbasecount/2026-01-12/h5ad/GeneFull/Homo_sapiens/SRX8953167.h5ad,4461
SRX9246191,gs://arc-institute-virtual-cell-atlas/scbasecount/2026-01-12/h5ad/GeneFull/Homo_sapiens/SRX9246191.h5ad,3714
SRX9246190,gs://arc-institute-virtual-cell-atlas/scbasecount/2026-01-12/h5ad/GeneFull/Homo_sapiens/SRX9246190.h5ad,10738
SRX9246200,gs://arc-institute-virtual-cell-atlas/scbasecount/2026-01-12/h5ad/GeneFull/Homo_sapiens/SRX9246200.h5ad,3759
SRX9246197,gs://arc-institute-virtual-cell-atlas/scbasecount/2026-01-12/h5ad/GeneFull/Homo_sapiens/SRX9246197.h5ad,2614
SRX9276294,gs://arc-institute-virtual-cell-atlas/scbasecount/2026-01-12/h5ad/GeneFull/Homo_sapiens/SRX9276294.h5ad,4114
SRX9246203,gs://arc-institute-virtual-cell-atlas/scbasecount/2026-01-12/h5ad/GeneFull/Homo_sapiens/SRX9246203.h5ad,4431
SRX9246199,gs://arc-institute-virtual-cell-atlas/scbasecount/2026-01-12/h5ad/GeneFull/Homo_sapiens/SRX9246199.h5ad,5871
SRX9246204,gs://arc-institute-virtual-cell-atlas/scbasecount/2026-01-12/h5ad/GeneFull/Homo_sapiens/SRX9246204.h5ad,4710
SRX9276324,gs://arc-institute-virtual-cell-atlas/scbasecount/2026-01-12/h5ad/GeneFull/Homo_sapiens/SRX9276324.h5ad,6280
SRX9276308,gs://arc-institute-virtual-cell-atlas/scbasecount/2026-01-12/h5ad/GeneFull/Homo_sapiens/SRX9276308.h5ad,5649
SRX9276319,gs://arc-institute-virtual-cell-atlas/scbasecount/2026-01-12/h5ad/GeneFull/Homo_sapiens/SRX9276319.h5ad,3516
SRX9276334,gs://arc-institute-virtual-cell-atlas/scbasecount/2026-01-12/h5ad/GeneFull/Homo_sapiens/SRX9276334.h5ad,1457
SRX9276306,gs://arc-institute-virtual-cell-atlas/scbasecount/2026-01-12/h5ad/GeneFull/Homo_sapiens/SRX9276306.h5ad,7613
SRX9276295,gs://arc-institute-virtual-cell-atlas/scbasecount/2026-01-12/h5ad/GeneFull/Homo_sapiens/SRX9276295.h5ad,6395
SRX9296013,gs://arc-institute-virtual-cell-atlas/scbasecount/2026-01-12/h5ad/GeneFull/Homo_sapiens/SRX9296013.h5ad,11938
SRX9246195,gs://arc-institute-virtual-cell-atlas/scbasecount/2026-01-12/h5ad/GeneFull/Homo_sapiens/SRX9246195.h5ad,5793
SRX9276333,gs://arc-institute-virtual-cell-atlas/scbasecount/2026-01-12/h5ad/GeneFull/Homo_sapiens/SRX9276333.h5ad,4841
SRX9276292,gs://arc-institute-virtual-cell-atlas/scbasecount/2026-01-12/h5ad/GeneFull/Homo_sapiens/SRX9276292.h5ad,4534
SRX9276304,gs://arc-institute-virtual-cell-atlas/scbasecount/2026-01-12/h5ad/GeneFull/Homo_sapiens/SRX9276304.h5ad,3517
SRX9276293,gs://arc-institute-virtual-cell-atlas/scbasecount/2026-01-12/h5ad/GeneFull/Homo_sapiens/SRX9276293.h5ad,5540
SRX9246194,gs://arc-institute-virtual-cell-atlas/scbasecount/2026-01-12/h5ad/GeneFull/Homo_sapiens/SRX9246194.h5ad,5742
SRX9246206,gs://arc-institute-virtual-cell-atlas/scbasecount/2026-01-12/h5ad/GeneFull/Homo_sapiens/SRX9246206.h5ad,7341
SRX9276335,gs://arc-institute-virtual-cell-atlas/scbasecount/2026-01-12/h5ad/GeneFull/Homo_sapiens/SRX9276335.h5ad,5055
SRX9246207,gs://arc-institute-virtual-cell-atlas/scbasecount/2026-01-12/h5ad/GeneFull/Homo_sapiens/SRX9246207.h5ad,4659
SRX9246208,gs://arc-institute-virtual-cell-atlas/scbasecount/2026-01-12/h5ad/GeneFull/Homo_sapiens/SRX9246208.h5ad,5714
SRX9276289,gs://arc-institute-virtual-cell-atlas/scbasecount/2026-01-12/h5ad/GeneFull/Homo_sapiens/SRX9276289.h5ad,3913
SRX8953166,gs://arc-institute-virtual-cell-atlas/scbasecount/2026-01-12/h5ad/GeneFull/Homo_sapiens/SRX8953166.h5ad,3756
SRX9276291,gs://arc-institute-virtual-cell-atlas/scbasecount/2026-01-12/h5ad/GeneFull/Homo_sapiens/SRX9276291.h5ad,4355
SRX9246201,gs://arc-institute-virtual-cell-atlas/scbasecount/2026-01-12/h5ad/GeneFull/Homo_sapiens/SRX9246201.h5ad,3109
SRX9276302,gs://arc-institute-virtual-cell-atlas/scbasecount/2026-01-12/h5ad/GeneFull/Homo_sapiens/SRX9276302.h5ad,4710
SRX9276303,gs://arc-institute-virtual-cell-atlas/scbasecount/2026-01-12/h5ad/GeneFull/Homo_sapiens/SRX9276303.h5ad,4492
SRX10100448,gs://arc-institute-virtual-cell-atlas/scbasecount/2026-01-12/h5ad/GeneFull/Homo_sapiens/SRX10100448.h5ad,28784
SRX9078407,gs://arc-institute-virtual-cell-atlas/scbasecount/2026-01-12/h5ad/GeneFull/Homo_sapiens/SRX9078407.h5ad,2138
SRX8417844,gs://arc-institute-virtual-cell-atlas/scbasecount/2026-01-12/h5ad/GeneFull/Homo_sapiens/SRX8417844.h5ad,3168
SRX9246205,gs://arc-institute-virtual-cell-atlas/scbasecount/2026-01-12/h5ad/GeneFull/Homo_sapiens/SRX9246205.h5ad,2325
SRX9276290,gs://arc-institute-virtual-cell-atlas/scbasecount/2026-01-12/h5ad/GeneFull/Homo_sapiens/SRX9276290.h5ad,4397
SRX27113456,gs://arc-institute-virtual-cell-atlas/scbasecount/2026-01-12/h5ad/GeneFull/Homo_sapiens/SRX27113456.h5ad,6495
SRX27113454,gs://arc-institute-virtual-cell-atlas/scbasecount/2026-01-12/h5ad/GeneFull/Homo_sapiens/SRX27113454.h5ad,5881
SRX27113452,gs://arc-institute-virtual-cell-atlas/scbasecount/2026-01-12/h5ad/GeneFull/Homo_sapiens/SRX27113452.h5ad,4014
SRX27113450,gs://arc-institute-virtual-cell-atlas/scbasecount/2026-01-12/h5ad/GeneFull/Homo_sapiens/SRX27113450.h5ad,5750
SRX27113464,gs://arc-institute-virtual-cell-atlas/scbasecount/2026-01-12/h5ad/GeneFull/Homo_sapiens/SRX27113464.h5ad,5685
SRX27113461,gs://arc-institute-virtual-cell-atlas/scbasecount/2026-01-12/h5ad/GeneFull/Homo_sapiens/SRX27113461.h5ad,9072
SRX27113458,gs://arc-institute-virtual-cell-atlas/scbasecount/2026-01-12/h5ad/GeneFull/Homo_sapiens/SRX27113458.h5ad,2962
SRX9296012,gs://arc-institute-virtual-cell-atlas/scbasecount/2026-01-12/h5ad/GeneFull/Homo_sapiens/SRX9296012.h5ad,13242
SRX9276322,gs://arc-institute-virtual-cell-atlas/scbasecount/2026-01-12/h5ad/GeneFull/Homo_sapiens/SRX9276322.h5ad,3846
SRX9276315,gs://arc-institute-virtual-cell-atlas/scbasecount/2026-01-12/h5ad/GeneFull/Homo_sapiens/SRX9276315.h5ad,7002
SRX9276323,gs://arc-institute-virtual-cell-atlas/scbasecount/2026-01-12/h5ad/GeneFull/Homo_sapiens/SRX9276323.h5ad,6333
SRX8961824,gs://arc-institute-virtual-cell-atlas/scbasecount/2026-01-12/h5ad/GeneFull/Homo_sapiens/SRX8961824.h5ad,2046
SRX9276318,gs://arc-institute-virtual-cell-atlas/scbasecount/2026-01-12/h5ad/GeneFull/Homo_sapiens/SRX9276318.h5ad,6032
SRX9276309,gs://arc-institute-virtual-cell-atlas/scbasecount/2026-01-12/h5ad/GeneFull/Homo_sapiens/SRX9276309.h5ad,2881
SRX9246192,gs://arc-institute-virtual-cell-atlas/scbasecount/2026-01-12/h5ad/GeneFull/Homo_sapiens/SRX9246192.h5ad,4699
SRX9276316,gs://arc-institute-virtual-cell-atlas/scbasecount/2026-01-12/h5ad/GeneFull/Homo_sapiens/SRX9276316.h5ad,4872
SRX9296018,gs://arc-institute-virtual-cell-atlas/scbasecount/2026-01-12/h5ad/GeneFull/Homo_sapiens/SRX9296018.h5ad,22503
SRX8349959,gs://arc-institute-virtual-cell-atlas/scbasecount/2026-01-12/h5ad/GeneFull/Homo_sapiens/SRX8349959.h5ad,2309
SRX8349966,gs://arc-institute-virtual-cell-atlas/scbasecount/2026-01-12/h5ad/GeneFull/Homo_sapiens/SRX8349966.h5ad,1659
SRX8349956,gs://arc-institute-virtual-cell-atlas/scbasecount/2026-01-12/h5ad/GeneFull/Homo_sapiens/SRX8349956.h5ad,1400
SRX29072180,gs://arc-institute-virtual-cell-atlas/scbasecount/2026-01-12/h5ad/GeneFull/Homo_sapiens/SRX29072180.h5ad,8905
SRX29072177,gs://arc-institute-virtual-cell-atlas/scbasecount/2026-01-12/h5ad/GeneFull/Homo_sapiens/SRX29072177.h5ad,5932
SRX28768647,gs://arc-institute-virtual-cell-atlas/scbasecount/2026-01-12/h5ad/GeneFull/Homo_sapiens/SRX28768647.h5ad,2158
SRX29072175,gs://arc-institute-virtual-cell-atlas/scbasecount/2026-01-12/h5ad/GeneFull/Homo_sapiens/SRX29072175.h5ad,9175
SRX29072176,gs://arc-institute-virtual-cell-atlas/scbasecount/2026-01-12/h5ad/GeneFull/Homo_sapiens/SRX29072176.h5ad,6077
SRX8370854,gs://arc-institute-virtual-cell-atlas/scbasecount/2026-01-12/h5ad/GeneFull/Homo_sapiens/SRX8370854.h5ad,7761
SRX29072179,gs://arc-institute-virtual-cell-atlas/scbasecount/2026-01-12/h5ad/GeneFull/Homo_sapiens/SRX29072179.h5ad,4985
SRX29072178,gs://arc-institute-virtual-cell-atlas/scbasecount/2026-01-12/h5ad/GeneFull/Homo_sapiens/SRX29072178.h5ad,11144
SRX27465304,gs://arc-institute-virtual-cell-atlas/scbasecount/2026-01-12/h5ad/GeneFull/Homo_sapiens/SRX27465304.h5ad,2089
SRX27465368,gs://arc-institute-virtual-cell-atlas/scbasecount/2026-01-12/h5ad/GeneFull/Homo_sapiens/SRX27465368.h5ad,1605
SRX28768400,gs://arc-institute-virtual-cell-atlas/scbasecount/2026-01-12/h5ad/GeneFull/Homo_sapiens/SRX28768400.h5ad,2890
SRX27465288,gs://arc-institute-virtual-cell-atlas/scbasecount/2026-01-12/h5ad/GeneFull/Homo_sapiens/SRX27465288.h5ad,2878
SRX27465233,gs://arc-institute-virtual-cell-atlas/scbasecount/2026-01-12/h5ad/GeneFull/Homo_sapiens/SRX27465233.h5ad,2715
SRX27465283,gs://arc-institute-virtual-cell-atlas/scbasecount/2026-01-12/h5ad/GeneFull/Homo_sapiens/SRX27465283.h5ad,2691
SRX28768666,gs://arc-institute-virtual-cell-atlas/scbasecount/2026-01-12/h5ad/GeneFull/Homo_sapiens/SRX28768666.h5ad,4165
SRX28769081,gs://arc-institute-virtual-cell-atlas/scbasecount/2026-01-12/h5ad/GeneFull/Homo_sapiens/SRX28769081.h5ad,7294
SRX28769201,gs://arc-institute-virtual-cell-atlas/scbasecount/2026-01-12/h5ad/GeneFull/Homo_sapiens/SRX28769201.h5ad,1720
SRX28769193,gs://arc-institute-virtual-cell-atlas/scbasecount/2026-01-12/h5ad/GeneFull/Homo_sapiens/SRX28769193.h5ad,1935
SRX9276320,gs://arc-institute-virtual-cell-atlas/scbasecount/2026-01-12/h5ad/GeneFull/Homo_sapiens/SRX9276320.h5ad,5242
SRX9276326,gs://arc-institute-virtual-cell-atlas/scbasecount/2026-01-12/h5ad/GeneFull/Homo_sapiens/SRX9276326.h5ad,3803
SRX9276332,gs://arc-institute-virtual-cell-atlas/scbasecount/2026-01-12/h5ad/GeneFull/Homo_sapiens/SRX9276332.h5ad,3463
SRX9276325,gs://arc-institute-virtual-cell-atlas/scbasecount/2026-01-12/h5ad/GeneFull/Homo_sapiens/SRX9276325.h5ad,3915
SRX8349961,gs://arc-institute-virtual-cell-atlas/scbasecount/2026-01-12/h5ad/GeneFull/Homo_sapiens/SRX8349961.h5ad,1689
SRX8349958,gs://arc-institute-virtual-cell-atlas/scbasecount/2026-01-12/h5ad/GeneFull/Homo_sapiens/SRX8349958.h5ad,2913
SRX8353571,gs://arc-institute-virtual-cell-atlas/scbasecount/2026-01-12/h5ad/GeneFull/Homo_sapiens/SRX8353571.h5ad,7433
SRX8370855,gs://arc-institute-virtual-cell-atlas/scbasecount/2026-01-12/h5ad/GeneFull/Homo_sapiens/SRX8370855.h5ad,5105
SRX8370856,gs://arc-institute-virtual-cell-atlas/scbasecount/2026-01-12/h5ad/GeneFull/Homo_sapiens/SRX8370856.h5ad,3795
SRX8370861,gs://arc-institute-virtual-cell-atlas/scbasecount/2026-01-12/h5ad/GeneFull/Homo_sapiens/SRX8370861.h5ad,4766
SRX8370857,gs://arc-institute-virtual-cell-atlas/scbasecount/2026-01-12/h5ad/GeneFull/Homo_sapiens/SRX8370857.h5ad,5538
SRX8370858,gs://arc-institute-virtual-cell-atlas/scbasecount/2026-01-12/h5ad/GeneFull/Homo_sapiens/SRX8370858.h5ad,5610
SRX8370860,gs://arc-institute-virtual-cell-atlas/scbasecount/2026-01-12/h5ad/GeneFull/Homo_sapiens/SRX8370860.h5ad,4815
SRX8353568,gs://arc-institute-virtual-cell-atlas/scbasecount/2026-01-12/h5ad/GeneFull/Homo_sapiens/SRX8353568.h5ad,6819
SRX8370852,gs://arc-institute-virtual-cell-atlas/scbasecount/2026-01-12/h5ad/GeneFull/Homo_sapiens/SRX8370852.h5ad,7885
SRX7692419,gs://arc-institute-virtual-cell-atlas/scbasecount/2026-01-12/h5ad/GeneFull/Homo_sapiens/SRX7692419.h5ad,2490
SRX6812462,gs://arc-institute-virtual-cell-atlas/scbasecount/2026-01-12/h5ad/GeneFull/Homo_sapiens/SRX6812462.h5ad,4665
SRX6812459,gs://arc-institute-virtual-cell-atlas/scbasecount/2026-01-12/h5ad/GeneFull/Homo_sapiens/SRX6812459.h5ad,5902
SRX29130823,gs://arc-institute-virtual-cell-atlas/scbasecount/2026-01-12/h5ad/GeneFull/Homo_sapiens/SRX29130823.h5ad,8293
SRX29130822,gs://arc-institute-virtual-cell-atlas/scbasecount/2026-01-12/h5ad/GeneFull/Homo_sapiens/SRX29130822.h5ad,7233
SRX29130825,gs://arc-institute-virtual-cell-atlas/scbasecount/2026-01-12/h5ad/GeneFull/Homo_sapiens/SRX29130825.h5ad,6825
SRX29130834,gs://arc-institute-virtual-cell-atlas/scbasecount/2026-01-12/h5ad/GeneFull/Homo_sapiens/SRX29130834.h5ad,9244
SRX6726375,gs://arc-institute-virtual-cell-atlas/scbasecount/2026-01-12/h5ad/GeneFull/Homo_sapiens/SRX6726375.h5ad,15887
SRX19352021,gs://arc-institute-virtual-cell-atlas/scbasecount/2026-01-12/h5ad/GeneFull/Homo_sapiens/SRX19352021.h5ad,81811
SRX6726367,gs://arc-institute-virtual-cell-atlas/scbasecount/2026-01-12/h5ad/GeneFull/Homo_sapiens/SRX6726367.h5ad,4034
SRX28769129,gs://arc-institute-virtual-cell-atlas/scbasecount/2026-01-12/h5ad/GeneFull/Homo_sapiens/SRX28769129.h5ad,3702
SRX6726368,gs://arc-institute-virtual-cell-atlas/scbasecount/2026-01-12/h5ad/GeneFull/Homo_sapiens/SRX6726368.h5ad,4377
SRX6726385,gs://arc-institute-virtual-cell-atlas/scbasecount/2026-01-12/h5ad/GeneFull/Homo_sapiens/SRX6726385.h5ad,3959
SRX6726382,gs://arc-institute-virtual-cell-atlas/scbasecount/2026-01-12/h5ad/GeneFull/Homo_sapiens/SRX6726382.h5ad,11083
SRX6726386,gs://arc-institute-virtual-cell-atlas/scbasecount/2026-01-12/h5ad/GeneFull/Homo_sapiens/SRX6726386.h5ad,4135
SRX6726378,gs://arc-institute-virtual-cell-atlas/scbasecount/2026-01-12/h5ad/GeneFull/Homo_sapiens/SRX6726378.h5ad,9886
SRX6726395,gs://arc-institute-virtual-cell-atlas/scbasecount/2026-01-12/h5ad/GeneFull/Homo_sapiens/SRX6726395.h5ad,3638
SRX6726380,gs://arc-institute-virtual-cell-atlas/scbasecount/2026-01-12/h5ad/GeneFull/Homo_sapiens/SRX6726380.h5ad,2872
SRX6726379,gs://arc-institute-virtual-cell-atlas/scbasecount/2026-01-12/h5ad/GeneFull/Homo_sapiens/SRX6726379.h5ad,4295
SRX6726383,gs://arc-institute-virtual-cell-atlas/scbasecount/2026-01-12/h5ad/GeneFull/Homo_sapiens/SRX6726383.h5ad,1815
SRX6726387,gs://arc-institute-virtual-cell-atlas/scbasecount/2026-01-12/h5ad/GeneFull/Homo_sapiens/SRX6726387.h5ad,16291
SRX6726398,gs://arc-institute-virtual-cell-atlas/scbasecount/2026-01-12/h5ad/GeneFull/Homo_sapiens/SRX6726398.h5ad,5835
SRX6726390,gs://arc-institute-virtual-cell-atlas/scbasecount/2026-01-12/h5ad/GeneFull/Homo_sapiens/SRX6726390.h5ad,7176
SRX6726397,gs://arc-institute-virtual-cell-atlas/scbasecount/2026-01-12/h5ad/GeneFull/Homo_sapiens/SRX6726397.h5ad,4215
SRX6726394,gs://arc-institute-virtual-cell-atlas/scbasecount/2026-01-12/h5ad/GeneFull/Homo_sapiens/SRX6726394.h5ad,14341
SRX6726389,gs://arc-institute-virtual-cell-atlas/scbasecount/2026-01-12/h5ad/GeneFull/Homo_sapiens/SRX6726389.h5ad,2726
